column,non_null,coverage_pct,first_valid,last_valid
BAA10Y,5675,100.0,2004-01-02,2026-07-24
BAMLH0A0HYM2,753,13.268722466960353,2023-07-25,2026-07-24
CPIAUCSL,5614,98.9251101321586,2004-03-31,2026-07-24
CPILFESL,5614,98.9251101321586,2004-03-31,2026-07-24
DFF,5675,100.0,2004-01-02,2026-07-24
DFII10,5675,100.0,2004-01-02,2026-07-24
DGS10,5675,100.0,2004-01-02,2026-07-24
DGS2,5675,100.0,2004-01-02,2026-07-24
FEDFUNDS,5636,99.31277533039648,2004-03-01,2026-07-24
ICSA,0,0.0,,
INDPRO,5614,98.9251101321586,2004-03-31,2026-07-24
NFCI,5670,99.91189427312776,2004-01-09,2026-07-24
PAYEMS,5614,98.9251101321586,2004-03-31,2026-07-24
PCEPI,5614,98.9251101321586,2004-03-31,2026-07-24
RSAFS,5614,98.9251101321586,2004-03-31,2026-07-24
SAHMREALTIME,5614,98.9251101321586,2004-03-31,2026-07-24
T10YIE,5675,100.0,2004-01-02,2026-07-24
T5YIE,5675,100.0,2004-01-02,2026-07-24
UNRATE,5614,98.9251101321586,2004-03-31,2026-07-24
USREC,5510,97.09251101321586,2004-08-30,2026-07-24
VIXCLS,5675,100.0,2004-01-02,2026-07-24
agg_level,5675,100.0,2004-01-02,2026-07-24
agg_level_pct252,5617,98.97797356828194,2004-03-26,2026-07-24
agg_level_z252,5617,98.97797356828194,2004-03-26,2026-07-24
agg_ret_1d,5675,100.0,2004-01-02,2026-07-24
agg_ret_20d,5675,100.0,2004-01-02,2026-07-24
agg_ret_5d,5675,100.0,2004-01-02,2026-07-24
agg_ret_63d,5675,100.0,2004-01-02,2026-07-24
baa10y_chg_1d,5675,100.0,2004-01-02,2026-07-24
baa10y_chg_20d,5675,100.0,2004-01-02,2026-07-24
baa10y_chg_5d,5675,100.0,2004-01-02,2026-07-24
baa10y_chg_5d_z252,5675,100.0,2004-01-02,2026-07-24
baa10y_chg_63d,5675,100.0,2004-01-02,2026-07-24
baa10y_level,5675,100.0,2004-01-02,2026-07-24
baa10y_level_pct252,5675,100.0,2004-01-02,2026-07-24
baa10y_level_z252,5675,100.0,2004-01-02,2026-07-24
baa10y_pctchg_1d,5675,100.0,2004-01-02,2026-07-24
baa10y_pctchg_20d,5675,100.0,2004-01-02,2026-07-24
baa10y_pctchg_5d,5675,100.0,2004-01-02,2026-07-24
baa10y_pctchg_63d,5675,100.0,2004-01-02,2026-07-24
dix_chg_1d,3829,67.47136563876653,2011-05-03,2026-07-24
dix_chg_20d,3810,67.13656387665198,2011-05-31,2026-07-24
dix_chg_5d,3825,67.40088105726872,2011-05-09,2026-07-24
dix_chg_5d_z252,3700,65.19823788546255,2011-11-03,2026-07-24
dix_chg_63d,3767,66.37885462555066,2011-08-01,2026-07-24
dix_level,3830,67.48898678414096,2011-05-02,2026-07-24
dix_level_pct252,3705,65.28634361233479,2011-10-27,2026-07-24
dix_level_z252,3705,65.28634361233479,2011-10-27,2026-07-24
dix_price_ret_1d,3829,67.47136563876653,2011-05-03,2026-07-24
dow,5675,100.0,2004-01-02,2026-07-24
dxy_dist_sma150,5675,100.0,2004-01-02,2026-07-24
dxy_dist_sma200,5675,100.0,2004-01-02,2026-07-24
dxy_level,5675,100.0,2004-01-02,2026-07-24
dxy_level_pct252,5675,100.0,2004-01-02,2026-07-24
dxy_level_z252,5675,100.0,2004-01-02,2026-07-24
dxy_ret_1d,5675,100.0,2004-01-02,2026-07-24
dxy_ret_20d,5675,100.0,2004-01-02,2026-07-24
dxy_ret_5d,5675,100.0,2004-01-02,2026-07-24
dxy_ret_63d,5675,100.0,2004-01-02,2026-07-24
dxy_tsmom_126d,5675,100.0,2004-01-02,2026-07-24
dxy_tsmom_252d,5675,100.0,2004-01-02,2026-07-24
gex_abs_bn,3830,67.48898678414096,2011-05-02,2026-07-24
gex_abs_pct252,3705,65.28634361233479,2011-10-27,2026-07-24
gex_bn,3830,67.48898678414096,2011-05-02,2026-07-24
gex_chg_1d_bn,3829,67.47136563876653,2011-05-03,2026-07-24
gex_chg_20d_bn,3810,67.13656387665198,2011-05-31,2026-07-24
gex_chg_5d_bn,3825,67.40088105726872,2011-05-09,2026-07-24
gex_chg_5d_z252,3700,65.19823788546255,2011-11-03,2026-07-24
gex_chg_63d_bn,3767,66.37885462555066,2011-08-01,2026-07-24
gex_level_pct252,3705,65.28634361233479,2011-10-27,2026-07-24
gold_level,5675,100.0,2004-01-02,2026-07-24
gold_level_pct252,5675,100.0,2004-01-02,2026-07-24
gold_level_z252,5675,100.0,2004-01-02,2026-07-24
gold_ret_1d,5675,100.0,2004-01-02,2026-07-24
gold_ret_20d,5675,100.0,2004-01-02,2026-07-24
gold_ret_5d,5675,100.0,2004-01-02,2026-07-24
gold_ret_63d,5675,100.0,2004-01-02,2026-07-24
hy_oas_chg_1d,752,13.251101321585903,2023-07-26,2026-07-24
hy_oas_chg_20d,733,12.916299559471367,2023-08-22,2026-07-24
hy_oas_chg_5d,748,13.180616740088105,2023-08-01,2026-07-24
hy_oas_chg_5d_z252,623,10.97797356828194,2024-01-30,2026-07-24
hy_oas_chg_63d,690,12.158590308370044,2023-10-23,2026-07-24
hy_oas_level,753,13.268722466960353,2023-07-25,2026-07-24
hy_oas_level_pct252,628,11.066079295154186,2024-01-23,2026-07-24
hy_oas_level_z252,628,11.066079295154186,2024-01-23,2026-07-24
hy_oas_pctchg_1d,752,13.251101321585903,2023-07-26,2026-07-24
hy_oas_pctchg_20d,733,12.916299559471367,2023-08-22,2026-07-24
hy_oas_pctchg_5d,748,13.180616740088105,2023-08-01,2026-07-24
hy_oas_pctchg_63d,690,12.158590308370044,2023-10-23,2026-07-24
ipdcongd_chg_1d,5675,100.0,2004-01-02,2026-07-24
ipdcongd_chg_20d,5675,100.0,2004-01-02,2026-07-24
ipdcongd_chg_5d,5675,100.0,2004-01-02,2026-07-24
ipdcongd_chg_5d_z252,5675,100.0,2004-01-02,2026-07-24
ipdcongd_chg_63d,5675,100.0,2004-01-02,2026-07-24
ipdcongd_level,5675,100.0,2004-01-02,2026-07-24
ipdcongd_level_pct252,5675,100.0,2004-01-02,2026-07-24
ipdcongd_level_z252,5675,100.0,2004-01-02,2026-07-24
ipdcongd_pctchg_1d,5675,100.0,2004-01-02,2026-07-24
ipdcongd_pctchg_20d,5675,100.0,2004-01-02,2026-07-24
ipdcongd_pctchg_5d,5675,100.0,2004-01-02,2026-07-24
ipdcongd_pctchg_63d,5675,100.0,2004-01-02,2026-07-24
lqd_agg_ratio,5675,100.0,2004-01-02,2026-07-24
lqd_agg_ratio_dist_sma100,5643,99.43612334801763,2004-02-19,2026-07-24
lqd_agg_ratio_dist_sma150,5593,98.55506607929514,2004-04-30,2026-07-24
lqd_agg_ratio_dist_sma200,5543,97.67400881057269,2004-07-14,2026-07-24
lqd_agg_ratio_dist_sma252,5491,96.75770925110132,2004-09-27,2026-07-24
lqd_agg_ratio_tsmom_126d,5616,98.96035242290749,2004-03-29,2026-07-24
lqd_agg_ratio_tsmom_252d,5490,96.74008810572687,2004-09-28,2026-07-24
lqd_agg_ratio_tsmom_63d,5675,100.0,2004-01-02,2026-07-24
lqd_level,5675,100.0,2004-01-02,2026-07-24
lqd_level_pct252,5675,100.0,2004-01-02,2026-07-24
lqd_level_z252,5675,100.0,2004-01-02,2026-07-24
lqd_minus_agg_ret_1d,5675,100.0,2004-01-02,2026-07-24
lqd_minus_agg_ret_20d,5675,100.0,2004-01-02,2026-07-24
lqd_minus_agg_ret_5d,5675,100.0,2004-01-02,2026-07-24
lqd_minus_agg_ret_63d,5675,100.0,2004-01-02,2026-07-24
lqd_ret_1d,5675,100.0,2004-01-02,2026-07-24
lqd_ret_20d,5675,100.0,2004-01-02,2026-07-24
lqd_ret_5d,5675,100.0,2004-01-02,2026-07-24
lqd_ret_63d,5675,100.0,2004-01-02,2026-07-24
month,5675,100.0,2004-01-02,2026-07-24
month_end,5675,100.0,2004-01-02,2026-07-24
month_start,5675,100.0,2004-01-02,2026-07-24
move_chg_1d,5675,100.0,2004-01-02,2026-07-24
move_chg_20d,5675,100.0,2004-01-02,2026-07-24
move_chg_5d,5675,100.0,2004-01-02,2026-07-24
move_chg_5d_z252,5675,100.0,2004-01-02,2026-07-24
move_chg_63d,5675,100.0,2004-01-02,2026-07-24
move_div_vix,5675,100.0,2004-01-02,2026-07-24
move_level,5675,100.0,2004-01-02,2026-07-24
move_level_pct252,5675,100.0,2004-01-02,2026-07-24
move_level_z252,5675,100.0,2004-01-02,2026-07-24
move_pctchg_1d,5675,100.0,2004-01-02,2026-07-24
move_pctchg_20d,5675,100.0,2004-01-02,2026-07-24
move_pctchg_5d,5675,100.0,2004-01-02,2026-07-24
move_pctchg_63d,5675,100.0,2004-01-02,2026-07-24
ndx_ad_line_norm,5675,100.0,2004-01-02,2026-07-24
ndx_advancers,5675,100.0,2004-01-02,2026-07-24
ndx_current_eqw_ret_1d,5675,100.0,2004-01-02,2026-07-24
ndx_current_eqw_ret_1d_sum20d,5675,100.0,2004-01-02,2026-07-24
ndx_current_eqw_ret_1d_sum5d,5675,100.0,2004-01-02,2026-07-24
ndx_current_eqw_ret_1d_sum63d,5675,100.0,2004-01-02,2026-07-24
ndx_current_eqw_ret_1d_z252,5675,100.0,2004-01-02,2026-07-24
ndx_current_mcw_ret_1d,5675,100.0,2004-01-02,2026-07-24
ndx_current_mcw_ret_1d_sum20d,5675,100.0,2004-01-02,2026-07-24
ndx_current_mcw_ret_1d_sum5d,5675,100.0,2004-01-02,2026-07-24
ndx_current_mcw_ret_1d_sum63d,5675,100.0,2004-01-02,2026-07-24
ndx_current_mcw_ret_1d_z252,5675,100.0,2004-01-02,2026-07-24
ndx_current_top10_market_cap_weight_pct,5675,100.0,2004-01-02,2026-07-24
ndx_current_top5_market_cap_weight_pct,5675,100.0,2004-01-02,2026-07-24
ndx_decliners,5675,100.0,2004-01-02,2026-07-24
ndx_eqw_minus_qqq_ret_1d,5675,100.0,2004-01-02,2026-07-24
ndx_eqw_minus_qqq_ret_1d_sum20d,5675,100.0,2004-01-02,2026-07-24
ndx_eqw_minus_qqq_ret_1d_sum5d,5675,100.0,2004-01-02,2026-07-24
ndx_eqw_minus_qqq_ret_1d_sum63d,5675,100.0,2004-01-02,2026-07-24
ndx_eqw_minus_qqq_ret_1d_z252,5675,100.0,2004-01-02,2026-07-24
ndx_eqw_vs_qqq_nav,5675,100.0,2004-01-02,2026-07-24
ndx_eqw_vs_qqq_nav_chg20d,5675,100.0,2004-01-02,2026-07-24
ndx_eqw_vs_qqq_nav_chg63d,5675,100.0,2004-01-02,2026-07-24
ndx_eqw_vs_qqq_nav_pct252,5675,100.0,2004-01-02,2026-07-24
ndx_eqw_vs_qqq_nav_z252,5675,100.0,2004-01-02,2026-07-24
ndx_ex_top10_eqw_ret_1d,5675,100.0,2004-01-02,2026-07-24
ndx_mcw_minus_qqq_ret_1d,5675,100.0,2004-01-02,2026-07-24
ndx_mcw_minus_qqq_ret_1d_sum20d,5675,100.0,2004-01-02,2026-07-24
ndx_mcw_minus_qqq_ret_1d_sum5d,5675,100.0,2004-01-02,2026-07-24
ndx_mcw_minus_qqq_ret_1d_sum63d,5675,100.0,2004-01-02,2026-07-24
ndx_mcw_minus_qqq_ret_1d_z252,5675,100.0,2004-01-02,2026-07-24
ndx_mcw_vs_qqq_nav,5675,100.0,2004-01-02,2026-07-24
ndx_mcw_vs_qqq_nav_chg20d,5675,100.0,2004-01-02,2026-07-24
ndx_mcw_vs_qqq_nav_chg63d,5675,100.0,2004-01-02,2026-07-24
ndx_mcw_vs_qqq_nav_pct252,5675,100.0,2004-01-02,2026-07-24
ndx_mcw_vs_qqq_nav_z252,5675,100.0,2004-01-02,2026-07-24
ndx_member_close_count_current,5675,100.0,2004-01-02,2026-07-24
ndx_net_advancers_pct,5675,100.0,2004-01-02,2026-07-24
ndx_net_advancers_pct_chg20d,5675,100.0,2004-01-02,2026-07-24
ndx_net_advancers_pct_chg63d,5675,100.0,2004-01-02,2026-07-24
ndx_net_advancers_pct_pct252,5675,100.0,2004-01-02,2026-07-24
ndx_net_advancers_pct_z252,5675,100.0,2004-01-02,2026-07-24
ndx_new_252d_high_low_spread_pct,5675,100.0,2004-01-02,2026-07-24
ndx_new_252d_high_low_spread_pct_chg20d,5675,100.0,2004-01-02,2026-07-24
ndx_new_252d_high_low_spread_pct_chg63d,5675,100.0,2004-01-02,2026-07-24
ndx_new_252d_high_low_spread_pct_pct252,5675,100.0,2004-01-02,2026-07-24
ndx_new_252d_high_low_spread_pct_z252,5675,100.0,2004-01-02,2026-07-24
ndx_new_63d_high_low_spread_pct,5675,100.0,2004-01-02,2026-07-24
ndx_new_63d_high_low_spread_pct_chg20d,5675,100.0,2004-01-02,2026-07-24
ndx_new_63d_high_low_spread_pct_chg63d,5675,100.0,2004-01-02,2026-07-24
ndx_new_63d_high_low_spread_pct_pct252,5675,100.0,2004-01-02,2026-07-24
ndx_new_63d_high_low_spread_pct_z252,5675,100.0,2004-01-02,2026-07-24
ndx_pct_above_sma20,5675,100.0,2004-01-02,2026-07-24
ndx_pct_above_sma200,5675,100.0,2004-01-02,2026-07-24
ndx_pct_above_sma200_chg20d,5675,100.0,2004-01-02,2026-07-24
ndx_pct_above_sma200_chg63d,5675,100.0,2004-01-02,2026-07-24
ndx_pct_above_sma200_pct252,5675,100.0,2004-01-02,2026-07-24
ndx_pct_above_sma200_z252,5675,100.0,2004-01-02,2026-07-24
ndx_pct_above_sma20_chg20d,5675,100.0,2004-01-02,2026-07-24
ndx_pct_above_sma20_chg63d,5675,100.0,2004-01-02,2026-07-24
ndx_pct_above_sma20_minus_200,5675,100.0,2004-01-02,2026-07-24
ndx_pct_above_sma20_pct252,5675,100.0,2004-01-02,2026-07-24
ndx_pct_above_sma20_z252,5675,100.0,2004-01-02,2026-07-24
ndx_pct_above_sma50,5675,100.0,2004-01-02,2026-07-24
ndx_pct_above_sma50_chg20d,5675,100.0,2004-01-02,2026-07-24
ndx_pct_above_sma50_chg63d,5675,100.0,2004-01-02,2026-07-24
ndx_pct_above_sma50_minus_200,5675,100.0,2004-01-02,2026-07-24
ndx_pct_above_sma50_pct252,5675,100.0,2004-01-02,2026-07-24
ndx_pct_above_sma50_z252,5675,100.0,2004-01-02,2026-07-24
ndx_pct_new_252d_highs,5675,100.0,2004-01-02,2026-07-24
ndx_pct_new_252d_lows,5675,100.0,2004-01-02,2026-07-24
ndx_pct_new_63d_highs,5675,100.0,2004-01-02,2026-07-24
ndx_pct_new_63d_lows,5675,100.0,2004-01-02,2026-07-24
ndx_top10_mcw_ret_1d,5675,100.0,2004-01-02,2026-07-24
ndx_top10_minus_eqw_ret_1d,5675,100.0,2004-01-02,2026-07-24
ndx_top10_minus_eqw_ret_1d_sum20d,5675,100.0,2004-01-02,2026-07-24
ndx_top10_minus_eqw_ret_1d_sum5d,5675,100.0,2004-01-02,2026-07-24
ndx_top10_minus_eqw_ret_1d_sum63d,5675,100.0,2004-01-02,2026-07-24
ndx_top10_minus_eqw_ret_1d_z252,5675,100.0,2004-01-02,2026-07-24
ndx_top10_minus_ex_top10_ret_1d,5675,100.0,2004-01-02,2026-07-24
ndx_top10_minus_ex_top10_ret_1d_sum20d,5675,100.0,2004-01-02,2026-07-24
ndx_top10_minus_ex_top10_ret_1d_sum5d,5675,100.0,2004-01-02,2026-07-24
ndx_top10_minus_ex_top10_ret_1d_sum63d,5675,100.0,2004-01-02,2026-07-24
ndx_top10_minus_ex_top10_ret_1d_z252,5675,100.0,2004-01-02,2026-07-24
ndx_top5_mcw_ret_1d,5675,100.0,2004-01-02,2026-07-24
ndx_top5_minus_eqw_ret_1d,5675,100.0,2004-01-02,2026-07-24
ndx_top5_minus_eqw_ret_1d_sum20d,5675,100.0,2004-01-02,2026-07-24
ndx_top5_minus_eqw_ret_1d_sum5d,5675,100.0,2004-01-02,2026-07-24
ndx_top5_minus_eqw_ret_1d_sum63d,5675,100.0,2004-01-02,2026-07-24
ndx_top5_minus_eqw_ret_1d_z252,5675,100.0,2004-01-02,2026-07-24
ppiaco_chg_1d,5675,100.0,2004-01-02,2026-07-24
ppiaco_chg_20d,5675,100.0,2004-01-02,2026-07-24
ppiaco_chg_5d,5675,100.0,2004-01-02,2026-07-24
ppiaco_chg_5d_z252,5675,100.0,2004-01-02,2026-07-24
ppiaco_chg_63d,5675,100.0,2004-01-02,2026-07-24
ppiaco_level,5675,100.0,2004-01-02,2026-07-24
ppiaco_level_pct252,5675,100.0,2004-01-02,2026-07-24
ppiaco_level_z252,5675,100.0,2004-01-02,2026-07-24
ppiaco_pctchg_1d,5675,100.0,2004-01-02,2026-07-24
ppiaco_pctchg_20d,5675,100.0,2004-01-02,2026-07-24
ppiaco_pctchg_5d,5675,100.0,2004-01-02,2026-07-24
ppiaco_pctchg_63d,5675,100.0,2004-01-02,2026-07-24
qqew_flow_dollar_volume_z20,5080,89.51541850220265,2006-05-15,2026-07-24
qqew_flow_dollar_volume_z252,4964,87.47136563876651,2006-10-27,2026-07-24
qqew_flow_dollar_volume_z63,5059,89.14537444933922,2006-06-14,2026-07-24
qqew_flow_signed_dollar_volume_sum_20d_bn,5080,89.51541850220265,2006-05-15,2026-07-24
qqew_flow_signed_dollar_volume_sum_20d_bn_z252,4955,87.31277533039648,2006-11-09,2026-07-24
qqew_flow_signed_dollar_volume_sum_252d_bn,4964,87.47136563876651,2006-10-27,2026-07-24
qqew_flow_signed_dollar_volume_sum_252d_bn_z252,4839,85.26872246696036,2007-05-01,2026-07-24
qqew_flow_signed_dollar_volume_sum_63d_bn,5059,89.14537444933922,2006-06-14,2026-07-24
qqew_flow_signed_dollar_volume_sum_63d_bn_z252,4934,86.94273127753304,2006-12-11,2026-07-24
qqew_minus_qqq_ret_1d,5088,89.65638766519824,2006-05-03,2026-07-24
qqew_minus_qqq_ret_1d_sum20d,5079,89.49779735682819,2006-05-16,2026-07-24
qqew_minus_qqq_ret_1d_sum5d,5086,89.62114537444934,2006-05-05,2026-07-24
qqew_minus_qqq_ret_1d_sum63d,5058,89.12775330396477,2006-06-15,2026-07-24
qqew_minus_qqq_ret_1d_z252,4963,87.45374449339207,2006-10-30,2026-07-24
qqew_vs_qqq_nav,5675,100.0,2004-01-02,2026-07-24
qqew_vs_qqq_nav_chg20d,5675,100.0,2004-01-02,2026-07-24
qqew_vs_qqq_nav_chg63d,5675,100.0,2004-01-02,2026-07-24
qqew_vs_qqq_nav_pct252,5675,100.0,2004-01-02,2026-07-24
qqew_vs_qqq_nav_z252,5088,89.65638766519824,2006-05-03,2026-07-24
qqq_1pct_drop_streak,5675,100.0,2004-01-02,2026-07-24
qqq_2pct_drop_streak,5675,100.0,2004-01-02,2026-07-24
qqq_above_sma10,5675,100.0,2004-01-02,2026-07-24
qqq_above_sma100,5675,100.0,2004-01-02,2026-07-24
qqq_above_sma20,5675,100.0,2004-01-02,2026-07-24
qqq_above_sma200,5675,100.0,2004-01-02,2026-07-24
qqq_above_sma5,5675,100.0,2004-01-02,2026-07-24
qqq_above_sma50,5675,100.0,2004-01-02,2026-07-24
qqq_close,5675,100.0,2004-01-02,2026-07-24
qqq_close_location,5675,100.0,2004-01-02,2026-07-24
qqq_dist_sma10,5675,100.0,2004-01-02,2026-07-24
qqq_dist_sma100,5675,100.0,2004-01-02,2026-07-24
qqq_dist_sma20,5675,100.0,2004-01-02,2026-07-24
qqq_dist_sma200,5675,100.0,2004-01-02,2026-07-24
qqq_dist_sma5,5675,100.0,2004-01-02,2026-07-24
qqq_dist_sma50,5675,100.0,2004-01-02,2026-07-24
qqq_down_streak,5675,100.0,2004-01-02,2026-07-24
qqq_drawdown_126d,5675,100.0,2004-01-02,2026-07-24
qqq_drawdown_20d,5675,100.0,2004-01-02,2026-07-24
qqq_drawdown_252d,5675,100.0,2004-01-02,2026-07-24
qqq_drawdown_63d,5675,100.0,2004-01-02,2026-07-24
qqq_flow_dollar_volume_z20,5675,100.0,2004-01-02,2026-07-24
qqq_flow_dollar_volume_z252,5675,100.0,2004-01-02,2026-07-24
qqq_flow_dollar_volume_z63,5675,100.0,2004-01-02,2026-07-24
qqq_flow_signed_dollar_volume_sum_20d_bn,5675,100.0,2004-01-02,2026-07-24
qqq_flow_signed_dollar_volume_sum_20d_bn_z252,5675,100.0,2004-01-02,2026-07-24
qqq_flow_signed_dollar_volume_sum_252d_bn,5675,100.0,2004-01-02,2026-07-24
qqq_flow_signed_dollar_volume_sum_252d_bn_z252,5675,100.0,2004-01-02,2026-07-24
qqq_flow_signed_dollar_volume_sum_63d_bn,5675,100.0,2004-01-02,2026-07-24
qqq_flow_signed_dollar_volume_sum_63d_bn_z252,5675,100.0,2004-01-02,2026-07-24
qqq_gap_ret,5675,100.0,2004-01-02,2026-07-24
qqq_high,5675,100.0,2004-01-02,2026-07-24
qqq_intraday_ret,5675,100.0,2004-01-02,2026-07-24
qqq_low,5675,100.0,2004-01-02,2026-07-24
qqq_minus_spy_ret_1d,5675,100.0,2004-01-02,2026-07-24
qqq_minus_spy_ret_20d,5675,100.0,2004-01-02,2026-07-24
qqq_minus_spy_ret_5d,5675,100.0,2004-01-02,2026-07-24
qqq_minus_spy_ret_63d,5675,100.0,2004-01-02,2026-07-24
qqq_open,5675,100.0,2004-01-02,2026-07-24
qqq_range_pct,5675,100.0,2004-01-02,2026-07-24
qqq_ret_10d,5675,100.0,2004-01-02,2026-07-24
qqq_ret_10d_z252,5675,100.0,2004-01-02,2026-07-24
qqq_ret_126d,5675,100.0,2004-01-02,2026-07-24
qqq_ret_1d,5675,100.0,2004-01-02,2026-07-24
qqq_ret_20d,5675,100.0,2004-01-02,2026-07-24
qqq_ret_20d_z252,5675,100.0,2004-01-02,2026-07-24
qqq_ret_252d,5675,100.0,2004-01-02,2026-07-24
qqq_ret_2d,5675,100.0,2004-01-02,2026-07-24
qqq_ret_3d,5675,100.0,2004-01-02,2026-07-24
qqq_ret_5d,5675,100.0,2004-01-02,2026-07-24
qqq_ret_5d_z252,5675,100.0,2004-01-02,2026-07-24
qqq_ret_63d,5675,100.0,2004-01-02,2026-07-24
qqq_ret_63d_z252,5675,100.0,2004-01-02,2026-07-24
qqq_rsi14,5675,100.0,2004-01-02,2026-07-24
qqq_rsi2,5675,100.0,2004-01-02,2026-07-24
qqq_rsi3,5675,100.0,2004-01-02,2026-07-24
qqq_rsi5,5675,100.0,2004-01-02,2026-07-24
qqq_rv10,5675,100.0,2004-01-02,2026-07-24
qqq_rv20,5675,100.0,2004-01-02,2026-07-24
qqq_rv5,5675,100.0,2004-01-02,2026-07-24
qqq_rv5_vs_20,5675,100.0,2004-01-02,2026-07-24
qqq_rv63,5675,100.0,2004-01-02,2026-07-24
qqq_shares_chg_20d_yf,2549,44.91629955947137,2016-06-03,2026-07-24
qqq_shares_chg_pct_20d_yf,2549,44.91629955947137,2016-06-03,2026-07-24
qqq_shares_outstanding_yf,2569,45.268722466960355,2016-05-05,2026-07-24
qqq_short_avg_daily_share_volume_nasdaq,259,4.563876651982379,2025-07-15,2026-07-24
qqq_short_days_to_cover_nasdaq,259,4.563876651982379,2025-07-15,2026-07-24
qqq_short_interest_chg,249,4.387665198237886,2025-07-29,2026-07-24
qqq_short_interest_nasdaq,259,4.563876651982379,2025-07-15,2026-07-24
qqq_sma20_vs_50,5675,100.0,2004-01-02,2026-07-24
qqq_sma50_vs_200,5675,100.0,2004-01-02,2026-07-24
qqq_sma5_vs_20,5675,100.0,2004-01-02,2026-07-24
spy_above_sma20,5675,100.0,2004-01-02,2026-07-24
spy_above_sma200,5675,100.0,2004-01-02,2026-07-24
spy_above_sma50,5675,100.0,2004-01-02,2026-07-24
spy_dist_sma20,5675,100.0,2004-01-02,2026-07-24
spy_dist_sma200,5675,100.0,2004-01-02,2026-07-24
spy_dist_sma50,5675,100.0,2004-01-02,2026-07-24
spy_drawdown_63d,5675,100.0,2004-01-02,2026-07-24
spy_level,5675,100.0,2004-01-02,2026-07-24
spy_level_pct252,5675,100.0,2004-01-02,2026-07-24
spy_level_z252,5675,100.0,2004-01-02,2026-07-24
spy_ret_1d,5675,100.0,2004-01-02,2026-07-24
spy_ret_20d,5675,100.0,2004-01-02,2026-07-24
spy_ret_5d,5675,100.0,2004-01-02,2026-07-24
spy_ret_63d,5675,100.0,2004-01-02,2026-07-24
t5yie_chg_1d,5675,100.0,2004-01-02,2026-07-24
t5yie_chg_20d,5675,100.0,2004-01-02,2026-07-24
t5yie_chg_5d,5675,100.0,2004-01-02,2026-07-24
t5yie_chg_5d_z252,5675,100.0,2004-01-02,2026-07-24
t5yie_chg_63d,5675,100.0,2004-01-02,2026-07-24
t5yie_level,5675,100.0,2004-01-02,2026-07-24
t5yie_level_pct252,5675,100.0,2004-01-02,2026-07-24
t5yie_level_z252,5675,100.0,2004-01-02,2026-07-24
t5yie_pctchg_1d,5675,100.0,2004-01-02,2026-07-24
t5yie_pctchg_20d,5675,100.0,2004-01-02,2026-07-24
t5yie_pctchg_5d,5675,100.0,2004-01-02,2026-07-24
t5yie_pctchg_63d,5675,100.0,2004-01-02,2026-07-24
target_close_to_close_10d,5675,100.0,2004-01-02,2026-07-24
target_close_to_close_1d,5675,100.0,2004-01-02,2026-07-24
target_close_to_close_20d,5675,100.0,2004-01-02,2026-07-24
target_close_to_close_2d,5675,100.0,2004-01-02,2026-07-24
target_close_to_close_30d,5675,100.0,2004-01-02,2026-07-24
target_close_to_close_3d,5675,100.0,2004-01-02,2026-07-24
target_close_to_close_40d,5675,100.0,2004-01-02,2026-07-24
target_close_to_close_5d,5675,100.0,2004-01-02,2026-07-24
target_close_to_close_60d,5675,100.0,2004-01-02,2026-07-24
target_close_to_close_90d,5675,100.0,2004-01-02,2026-07-24
target_next_open_to_close_10d,5675,100.0,2004-01-02,2026-07-24
target_next_open_to_close_1d,5675,100.0,2004-01-02,2026-07-24
target_next_open_to_close_20d,5675,100.0,2004-01-02,2026-07-24
target_next_open_to_close_2d,5675,100.0,2004-01-02,2026-07-24
target_next_open_to_close_30d,5675,100.0,2004-01-02,2026-07-24
target_next_open_to_close_3d,5675,100.0,2004-01-02,2026-07-24
target_next_open_to_close_40d,5675,100.0,2004-01-02,2026-07-24
target_next_open_to_close_5d,5675,100.0,2004-01-02,2026-07-24
target_next_open_to_close_60d,5675,100.0,2004-01-02,2026-07-24
target_next_open_to_close_90d,5675,100.0,2004-01-02,2026-07-24
target_post_20_to_30d,5675,100.0,2004-01-02,2026-07-24
target_post_20_to_40d,5675,100.0,2004-01-02,2026-07-24
target_post_20_to_60d,5675,100.0,2004-01-02,2026-07-24
target_post_20_to_90d,5675,100.0,2004-01-02,2026-07-24
threeff1_chg_1d,5675,100.0,2004-01-02,2026-07-24
threeff1_chg_20d,5675,100.0,2004-01-02,2026-07-24
threeff1_chg_5d,5675,100.0,2004-01-02,2026-07-24
threeff1_chg_5d_z252,5675,100.0,2004-01-02,2026-07-24
threeff1_chg_63d,5675,100.0,2004-01-02,2026-07-24
threeff1_level,5675,100.0,2004-01-02,2026-07-24
threeff1_level_pct252,5675,100.0,2004-01-02,2026-07-24
threeff1_level_z252,5675,100.0,2004-01-02,2026-07-24
threeff1_pctchg_1d,5675,100.0,2004-01-02,2026-07-24
threeff1_pctchg_20d,5675,100.0,2004-01-02,2026-07-24
threeff1_pctchg_5d,5675,100.0,2004-01-02,2026-07-24
threeff1_pctchg_63d,5675,100.0,2004-01-02,2026-07-24
tqqq_flow_dollar_volume_z20,4128,72.74008810572687,2010-02-25,2026-07-24
tqqq_flow_dollar_volume_z252,4012,70.69603524229075,2010-08-11,2026-07-24
tqqq_flow_dollar_volume_z63,4107,72.37004405286343,2010-03-26,2026-07-24
tqqq_flow_signed_dollar_volume_sum_20d_bn,4128,72.74008810572687,2010-02-25,2026-07-24
tqqq_flow_signed_dollar_volume_sum_20d_bn_z252,4003,70.5374449339207,2010-08-24,2026-07-24
tqqq_flow_signed_dollar_volume_sum_252d_bn,4012,70.69603524229075,2010-08-11,2026-07-24
tqqq_flow_signed_dollar_volume_sum_252d_bn_z252,3887,68.49339207048459,2011-02-08,2026-07-24
tqqq_flow_signed_dollar_volume_sum_63d_bn,4107,72.37004405286343,2010-03-26,2026-07-24
tqqq_flow_signed_dollar_volume_sum_63d_bn_z252,3982,70.16740088105728,2010-09-23,2026-07-24
tqqq_short_avg_daily_share_volume_nasdaq,259,4.563876651982379,2025-07-15,2026-07-24
tqqq_short_days_to_cover_nasdaq,259,4.563876651982379,2025-07-15,2026-07-24
tqqq_short_interest_chg,249,4.387665198237886,2025-07-29,2026-07-24
tqqq_short_interest_nasdaq,259,4.563876651982379,2025-07-15,2026-07-24
turn_of_month,5675,100.0,2004-01-02,2026-07-24
unrate_chg_1d,5675,100.0,2004-01-02,2026-07-24
unrate_chg_20d,5675,100.0,2004-01-02,2026-07-24
unrate_chg_5d,5675,100.0,2004-01-02,2026-07-24
unrate_chg_63d,5675,100.0,2004-01-02,2026-07-24
unrate_chg_63d_lag22,5675,100.0,2004-01-02,2026-07-24
unrate_level,5675,100.0,2004-01-02,2026-07-24
unrate_level_lag22,5675,100.0,2004-01-02,2026-07-24
unrate_level_pct252,5675,100.0,2004-01-02,2026-07-24
unrate_level_z252,5675,100.0,2004-01-02,2026-07-24
unrate_pctchg_1d,5675,100.0,2004-01-02,2026-07-24
unrate_pctchg_20d,5675,100.0,2004-01-02,2026-07-24
unrate_pctchg_5d,5675,100.0,2004-01-02,2026-07-24
unrate_pctchg_63d,5675,100.0,2004-01-02,2026-07-24
us05y_chg_1d,5675,100.0,2004-01-02,2026-07-24
us05y_chg_20d,5675,100.0,2004-01-02,2026-07-24
us05y_chg_5d,5675,100.0,2004-01-02,2026-07-24
us05y_chg_5d_z252,5675,100.0,2004-01-02,2026-07-24
us05y_chg_63d,5675,100.0,2004-01-02,2026-07-24
us05y_level,5675,100.0,2004-01-02,2026-07-24
us05y_level_pct252,5675,100.0,2004-01-02,2026-07-24
us05y_level_z252,5675,100.0,2004-01-02,2026-07-24
us05y_pctchg_1d,5675,100.0,2004-01-02,2026-07-24
us05y_pctchg_20d,5675,100.0,2004-01-02,2026-07-24
us05y_pctchg_5d,5675,100.0,2004-01-02,2026-07-24
us05y_pctchg_63d,5675,100.0,2004-01-02,2026-07-24
us10y_chg_1d,5675,100.0,2004-01-02,2026-07-24
us10y_chg_20d,5675,100.0,2004-01-02,2026-07-24
us10y_chg_5d,5675,100.0,2004-01-02,2026-07-24
us10y_chg_5d_z252,5675,100.0,2004-01-02,2026-07-24
us10y_chg_63d,5675,100.0,2004-01-02,2026-07-24
us10y_level,5675,100.0,2004-01-02,2026-07-24
us10y_level_pct252,5675,100.0,2004-01-02,2026-07-24
us10y_level_z252,5675,100.0,2004-01-02,2026-07-24
us10y_pctchg_1d,5675,100.0,2004-01-02,2026-07-24
us10y_pctchg_20d,5675,100.0,2004-01-02,2026-07-24
us10y_pctchg_5d,5675,100.0,2004-01-02,2026-07-24
us10y_pctchg_63d,5675,100.0,2004-01-02,2026-07-24
usoil_level,5675,100.0,2004-01-02,2026-07-24
usoil_level_pct252,5675,100.0,2004-01-02,2026-07-24
usoil_level_z252,5675,100.0,2004-01-02,2026-07-24
usoil_ret_1d,5675,100.0,2004-01-02,2026-07-24
usoil_ret_20d,5675,100.0,2004-01-02,2026-07-24
usoil_ret_5d,5675,100.0,2004-01-02,2026-07-24
usoil_ret_63d,5675,100.0,2004-01-02,2026-07-24
vix3m_level,4237,74.66079295154185,2009-09-18,2026-07-24
vix6m_level,4669,82.27312775330397,2008-01-02,2026-07-24
vix_chg_1d,5675,100.0,2004-01-02,2026-07-24
vix_chg_20d,5675,100.0,2004-01-02,2026-07-24
vix_chg_5d,5675,100.0,2004-01-02,2026-07-24
vix_chg_5d_z252,5675,100.0,2004-01-02,2026-07-24
vix_chg_63d,5675,100.0,2004-01-02,2026-07-24
vix_div_qqq_rv20,5675,100.0,2004-01-02,2026-07-24
vix_level,5675,100.0,2004-01-02,2026-07-24
vix_level_pct252,5675,100.0,2004-01-02,2026-07-24
vix_level_z252,5675,100.0,2004-01-02,2026-07-24
vix_minus_qqq_rv20,5675,100.0,2004-01-02,2026-07-24
vix_pctchg_1d,5675,100.0,2004-01-02,2026-07-24
vix_pctchg_20d,5675,100.0,2004-01-02,2026-07-24
vix_pctchg_5d,5675,100.0,2004-01-02,2026-07-24
vix_pctchg_63d,5675,100.0,2004-01-02,2026-07-24
vvix_level,5129,90.37885462555066,2006-03-06,2026-07-24
vxn_level,4241,74.73127753303966,2009-09-14,2026-07-24
