check,value,pass,note
probability_rows_sum_to_one,1.6653345369377348e-15,True,max absolute row probability sum error
transition_rows_sum_to_one_1p,1.1102230246251565e-16,True,max absolute transition row sum error on non-empty rows
transition_rows_sum_to_one_4p,0.0,True,max absolute transition row sum error on non-empty rows
transition_rows_sum_to_one_13p,1.1102230246251565e-16,True,max absolute transition row sum error on non-empty rows
transition_rows_sum_to_one_26p,0.0,True,max absolute transition row sum error on non-empty rows
regime_min_frequency_target,0.07612456747404844,True,target minimum frequency is 5%
no_target_columns_used,0.0,True,model feature list excludes target/future columns
gmm_seed,88.0,True,selected seed after retrying for regime balance
gmm_covariance_type,,True,selected covariance type: full
