horizon_periods,current_regime,feature,family,stay_mean,switch_mean,switch_minus_stay,effect_size,stay_rows,switch_rows,abs_effect_size
1,fragile_growth,dgs2_level_z,macro_rates,-1.7094145156601575,-0.3631631513849406,1.3462513642752167,1.0152925388465164,19,16,1.0152925388465164
1,fragile_growth,ndx_pct_above_sma50,breadth_concentration,0.3750189941164311,0.6003745421369685,0.22535554802053742,0.9826712135518333,21,17,0.9826712135518333
1,fragile_growth,ndx_pct_above_sma200_chg_3p,breadth_concentration,-0.2689248256089821,-0.09587766593895326,0.17304715967002887,0.982507637281936,21,17,0.982507637281936
1,fragile_growth,qqq_drawdown_3p,qqq_state,-0.07033657250428127,-0.02935877195666144,0.04097780054761983,0.8990539905365462,21,17,0.8990539905365462
1,fragile_growth,vix_chg_3p,cross_asset,9.308571904761905,0.5552947058823533,-8.753277198879552,-0.8599755905470498,21,17,0.8599755905470498
1,fragile_growth,move_chg_3p,cross_asset,15.465751333809527,-3.697877434117649,-19.163628767927175,-0.7925378999057874,21,17,0.7925378999057874
1,fragile_growth,baa10y_chg_3p,macro_credit,0.5861904761904763,0.2547058823529411,-0.33148459383753515,-0.7534144886664922,21,17,0.7534144886664922
1,fragile_growth,spy_ret_3p,cross_asset,-0.06769135265992784,-0.028551195887846513,0.03914015677208133,0.6693772168120401,21,17,0.6693772168120401
1,fragile_growth,dgs10_level_z,macro_rates,-1.733612722872411,-1.0504614914251855,0.6831512314472254,0.6474841583715887,19,16,0.6474841583715887
1,fragile_growth,qqq_ret_1p,qqq_state,-0.026074313095407746,0.012714584699307563,0.03878889779471531,0.6450408642805785,21,17,0.6450408642805785
1,fragile_growth,nfci_chg_3p,macro_credit,0.3384285714285714,0.13858823529411768,-0.19984033613445373,-0.6356284192858559,21,17,0.6356284192858559
1,fragile_growth,indpro_yoy_chg_3p,macro_growth,0.010203473228015719,-0.00600061529146885,-0.01620408851948457,-0.5768450166124345,19,16,0.5768450166124345
1,fragile_growth,payems_yoy_chg_3p,macro_growth,0.0035649620397442652,-0.001705621285747555,-0.00527058332549182,-0.5711202936216353,19,16,0.5711202936216353
1,fragile_growth,dgs2_chg_3p,macro_rates,-0.5985714285714285,-0.31588235294117645,0.2826890756302521,0.5519420881557866,21,17,0.5519420881557866
1,fragile_growth,qqq_ret_3p,qqq_state,-0.06077003118858296,-0.023745445879040445,0.037024585309542515,0.5429310979521152,21,17,0.5429310979521152
1,fragile_growth,vix_chg_1p,cross_asset,2.1323819047619046,-1.9582358823529404,-4.090617787114845,-0.5232243912364979,21,17,0.5232243912364979
1,fragile_growth,ndx_current_top10_market_cap_weight_pct,breadth_concentration,68.16641835266185,68.16641835266186,1.4210854715202004e-14,0.4933771910329651,21,17,0.4933771910329651
1,fragile_growth,qqq_above_sma10p,qqq_state,0.47619047619047616,0.23529411764705882,-0.24089635854341734,-0.49278020828807406,21,17,0.49278020828807406
1,fragile_growth,dgs10_chg_3p,macro_rates,-0.6571428571428573,-0.49294117647058816,0.1642016806722691,0.48999149858076996,21,17,0.48999149858076996
1,fragile_growth,rsafs_yoy_chg_3p,macro_growth,-0.0008472852403652352,-0.011785027066817354,-0.01093774182645212,-0.48987870801854516,19,16,0.48987870801854516
1,fragile_growth,move_chg_1p,cross_asset,3.988146950000001,-4.670294986470588,-8.658441936470588,-0.4812593209731374,21,17,0.4812593209731374
1,fragile_growth,policy_rate_chg_3p,macro_rates,-0.39047619047619053,-0.09058823529411765,0.2998879551820729,0.4667417046551318,21,17,0.4667417046551318
1,fragile_growth,qqq_ret_12p,qqq_state,0.113815401876433,0.04361977185333941,-0.07019563002309359,-0.46200380143910863,19,16,0.46200380143910863
1,fragile_growth,pce_yoy_chg_3p,macro_growth,-7.568675620191858e-05,-0.0032736389543609884,-0.00319795219815907,-0.40799915840630646,19,16,0.40799915840630646
1,fragile_growth,ndx_new_252d_high_low_spread_pct,breadth_concentration,-0.0008693987080686041,0.017353856715206256,0.01822325542327486,0.3886452076470891,21,17,0.3886452076470891
1,fragile_growth,real_yield_10y_chg_3p,macro_rates,-0.39142857142857146,-0.28588235294117653,0.10554621848739493,0.37779002423750224,21,17,0.37779002423750224
1,fragile_growth,lqd_agg_ratio_ret_3p,cross_asset,-0.002406443656803404,0.006588198789234856,0.00899464244603826,0.3744102065272993,21,17,0.3744102065272993
1,fragile_growth,baa10y_level_z,macro_credit,1.5971527384726887,1.0097452434859238,-0.5874074949867649,-0.36496223195071137,19,16,0.36496223195071137
1,fragile_growth,ndx_pct_above_sma200,breadth_concentration,0.4453152689723868,0.4984437360994847,0.0531284671270979,0.3267369936327412,21,17,0.3267369936327412
1,fragile_growth,ndx_new_252d_high_low_spread_pct_chg_3p,breadth_concentration,-0.049221475329677945,-0.026849450012112096,0.02237202531756585,0.2880152518558517,21,17,0.2880152518558517
1,fragile_growth,qqq_rv_6p,qqq_state,0.1815445413294599,0.19709017007275684,0.01554562874329693,0.2626348498057829,21,17,0.2626348498057829
1,fragile_growth,yield_curve_10y2y_chg_3p,macro_rates,-0.0585714285714286,-0.17705882352941174,-0.11848739495798313,-0.2577046706886044,21,17,0.2577046706886044
1,fragile_growth,sahm_realtime_chg_3p,macro_growth,-0.06714285714285714,0.034705882352941184,0.10184873949579833,0.2325104505563845,21,17,0.2325104505563845
1,fragile_growth,qqew_vs_qqq_nav,breadth_concentration,0.8535699029230448,0.8229344955073131,-0.030635407415731675,-0.23031926981003784,21,17,0.23031926981003784
1,fragile_growth,qqq_rv_3p,qqq_state,0.20210560397204305,0.21759526774152788,0.015489663769484824,0.20682403128618992,21,17,0.20682403128618992
1,fragile_growth,unrate_level_z,macro_growth,0.04570592290753491,-0.2518428490420667,-0.2975487719496016,-0.20629762812160493,19,16,0.20629762812160493
1,fragile_growth,lqd_ret_3p,cross_asset,0.02770247981396509,0.03485188934973466,0.0071494095357695735,0.19558644017342697,21,17,0.19558644017342697
1,fragile_growth,t10yie_chg_3p,macro_rates,-0.26571428571428574,-0.20705882352941177,0.05865546218487397,0.18473769483068567,21,17,0.18473769483068567
1,fragile_growth,t5yie_chg_3p,macro_rates,-0.2661904761904762,-0.19470588235294126,0.07148459383753494,0.1705109291976771,21,17,0.1705109291976771
1,fragile_growth,sahm_realtime_level,macro_growth,0.31952380952380954,0.23941176470588232,-0.08011204481792722,-0.16489402129656394,21,17,0.16489402129656394
1,fragile_growth,ndx_net_advancers_pct_chg_3p,breadth_concentration,-0.08648265812132888,-0.19419906925008673,-0.10771641112875785,-0.16279207705421314,21,17,0.16279207705421314
1,fragile_growth,agg_ret_3p,cross_asset,0.03001550407995793,0.02778226799863408,-0.00223323608132385,-0.1521383723686037,21,17,0.1521383723686037
1,fragile_growth,qqq_drawdown_12p,qqq_state,-0.10686323215144533,-0.09579317490656648,0.011070057244878848,0.12161845196739819,20,17,0.12161845196739819
1,fragile_growth,ndx_net_advancers_pct,breadth_concentration,-0.07336093816796951,-0.13817577755429833,-0.06481483938632882,-0.11921487715553306,21,17,0.11921487715553306
1,fragile_growth,nfci_level_z,macro_credit,1.3284938928639654,1.1606429040114379,-0.16785098885252747,-0.08741142461527382,19,16,0.08741142461527382
1,fragile_growth,sahm_realtime_trigger,macro_growth,0.14285714285714285,0.11764705882352941,-0.02521008403361344,-0.07359104696025165,21,17,0.07359104696025165
1,fragile_growth,qqq_dist_sma10p,qqq_state,-0.02045151052989679,-0.014701023242499119,0.00575048728739767,0.07321290943559919,21,17,0.07321290943559919
1,fragile_growth,unrate_chg_6p,macro_growth,-0.01904761904761917,0.0117647058823529,0.03081232492997207,0.06268767185717361,21,17,0.06268767185717361
1,fragile_growth,core_cpi_yoy_chg_3p,macro_growth,-0.0013955604377070025,-0.0011372615972065764,0.0002582988405004261,0.051697013258403195,19,16,0.051697013258403195
1,fragile_growth,qqq_minus_spy_ret_3p,cross_asset,0.0069213214713448904,0.004805750008806068,-0.0021155714625388225,-0.05159499461444778,21,17,0.05159499461444778
1,fragile_growth,qqq_ret_6p,qqq_state,-0.00941457860383943,-0.015055937152670578,-0.005641358548831148,-0.04937048661983665,21,17,0.04937048661983665
1,fragile_growth,dxy_ret_3p,cross_asset,0.006450028172102289,0.007698187848166338,0.001248159676064049,0.030515108287404124,21,17,0.030515108287404124
1,fragile_growth,breakeven_curve_10y5y_level_z,macro_rates,0.43596481731590603,0.46016938531084256,0.024204567994936532,0.01971651404113535,19,16,0.01971651404113535
1,fragile_growth,ndx_current_top10_market_cap_weight_pct_chg_3p,breadth_concentration,0.0,0.0,0.0,,21,17,
1,macro_tightening,baa10y_level_z,macro_credit,-0.8584728323129902,-0.19673618042359609,0.6617366518893941,0.8428740437253841,120,24,0.8428740437253841
1,macro_tightening,qqq_drawdown_12p,qqq_state,-0.008872182390405253,-0.02349332635123352,-0.014621143960828267,-0.7710922948072417,125,26,0.7710922948072417
1,macro_tightening,qqq_rv_3p,qqq_state,0.11675010002916296,0.1566771715562235,0.03992707152706053,0.5650467114094465,127,27,0.5650467114094465
1,macro_tightening,unrate_chg_6p,macro_growth,-0.3247999999999999,0.06538461538461539,0.3901846153846153,0.5499423364837889,125,26,0.5499423364837889
1,macro_tightening,nfci_level_z,macro_credit,-0.43137920539787467,0.12358083897457701,0.5549600443724517,0.5448239150120413,120,24,0.5448239150120413
1,macro_tightening,baa10y_chg_3p,macro_credit,-0.107007874015748,-0.017407407407407455,0.08960046660834055,0.5057741800496999,127,27,0.5057741800496999
1,macro_tightening,ndx_pct_above_sma200,breadth_concentration,0.7764089407121706,0.7254275268025909,-0.050981413909579665,-0.49965836978029415,127,27,0.49965836978029415
1,macro_tightening,qqq_rv_6p,qqq_state,0.1304774420431659,0.1533623185629785,0.022884876519812608,0.4972665350458685,125,26,0.4972665350458685
1,macro_tightening,spy_ret_3p,cross_asset,0.04973781494833328,0.031505609856549426,-0.018232205091783853,-0.49677249513209737,127,27,0.49677249513209737
1,macro_tightening,qqq_dist_sma10p,qqq_state,0.08833952704917779,0.06844406294383791,-0.019895464105339877,-0.45885405198768736,126,27,0.45885405198768736
1,macro_tightening,qqq_ret_3p,qqq_state,0.06146237344303571,0.04014119293748588,-0.021321180505549833,-0.4237080828556973,127,27,0.4237080828556973
1,macro_tightening,qqq_ret_6p,qqq_state,0.12690991093583404,0.09631867511439568,-0.030591235821438356,-0.41711802075067356,125,26,0.41711802075067356
1,macro_tightening,qqq_drawdown_3p,qqq_state,-0.00791151344529886,-0.014678516935312318,-0.0067670034900134575,-0.40568202614830284,127,27,0.40568202614830284
1,macro_tightening,vix_chg_1p,cross_asset,-0.42291315200925805,0.9288877777777779,1.351800929787036,0.38875104386485076,127,27,0.38875104386485076
1,macro_tightening,ndx_net_advancers_pct_chg_3p,breadth_concentration,-0.026670125843172163,-0.26214553436141014,-0.23547540851823798,-0.38866521798745507,127,27,0.38866521798745507
1,macro_tightening,vix_chg_3p,cross_asset,-0.8896058339805303,0.6062948148148151,1.4959006487953452,0.376554606686814,127,27,0.376554606686814
1,macro_tightening,qqq_ret_12p,qqq_state,0.24648559289429167,0.19872313380857168,-0.047762459085719994,-0.3541966458409696,122,26,0.3541966458409696
1,macro_tightening,dgs2_chg_3p,macro_rates,0.15299212598425196,0.05962962962962967,-0.09336249635462229,-0.35212751202159165,127,27,0.35212751202159165
1,macro_tightening,t5yie_chg_3p,macro_rates,0.08976377952755907,0.004444444444444481,-0.08531933508311458,-0.34992234188544863,127,27,0.34992234188544863
1,macro_tightening,sahm_realtime_level,macro_growth,0.1521259842519685,0.4211111111111111,0.2689851268591426,0.34055612631507043,127,27,0.34055612631507043
1,macro_tightening,pce_yoy_chg_3p,macro_growth,0.001899808401314256,-0.00022064867185397907,-0.002120457073168235,-0.3313292714390372,120,24,0.3313292714390372
1,macro_tightening,qqq_ret_1p,qqq_state,0.02181157604790402,0.009617228797738601,-0.012194347250165419,-0.3300030515367782,127,27,0.3300030515367782
1,macro_tightening,unrate_level_z,macro_growth,-0.8456863404619817,-0.4494784625299904,0.39620787793199125,0.3277705652731319,120,24,0.3277705652731319
1,macro_tightening,core_cpi_yoy_chg_3p,macro_growth,0.000637931499623956,-0.0007729287621610903,-0.0014108602617850462,-0.31688749292811697,120,24,0.31688749292811697
1,macro_tightening,dgs10_level_z,macro_rates,0.338058126497344,0.0353905414128596,-0.30266758508448444,-0.3149046375865478,120,24,0.3149046375865478
1,macro_tightening,dgs10_chg_3p,macro_rates,0.1477952755905512,0.05222222222222226,-0.09557305336832894,-0.3082421722626493,127,27,0.3082421722626493
1,macro_tightening,ndx_pct_above_sma50,breadth_concentration,0.6432834895604677,0.5958094179922838,-0.04747407156818384,-0.3009378599946236,127,27,0.3009378599946236
1,macro_tightening,move_chg_3p,cross_asset,-2.9603440718462415,1.3811743822222224,4.3415184540684635,0.2959355342666392,127,27,0.2959355342666392
1,macro_tightening,ndx_net_advancers_pct,breadth_concentration,-0.03789761852599676,-0.1694263828356793,-0.13152876430968252,-0.2876641647420225,127,27,0.2876641647420225
1,macro_tightening,qqq_above_sma10p,qqq_state,0.9763779527559056,0.9259259259259259,-0.050452026829979624,-0.28373084892151235,127,27,0.28373084892151235
1,macro_tightening,policy_rate_chg_3p,macro_rates,0.04582677165354331,0.1203703703703704,0.07454359871682709,0.28043546296261934,127,27,0.28043546296261934
1,macro_tightening,ndx_current_top10_market_cap_weight_pct,breadth_concentration,68.16641835266189,68.16641835266185,-4.263256414560601e-14,-0.27184035241840443,127,27,0.27184035241840443
1,macro_tightening,breakeven_curve_10y5y_level_z,macro_rates,-0.4101848645295149,-0.14374785933065198,0.26643700519886293,0.25990399206942233,120,24,0.25990399206942233
1,macro_tightening,t10yie_chg_3p,macro_rates,0.05755905511811025,0.011111111111111113,-0.046447944006999135,-0.25657204235066106,127,27,0.25657204235066106
1,macro_tightening,agg_ret_3p,cross_asset,0.0021197455882579724,0.0059666736589371215,0.003846928070679149,0.25458229391650644,127,27,0.25458229391650644
1,macro_tightening,ndx_new_252d_high_low_spread_pct,breadth_concentration,0.07194981157848769,0.05433688595775962,-0.017612925620728068,-0.24092121142834855,127,27,0.24092121142834855
1,macro_tightening,sahm_realtime_trigger,macro_growth,0.05511811023622047,0.1111111111111111,0.05599300087489063,0.22649497611401165,127,27,0.22649497611401165
1,macro_tightening,nfci_chg_3p,macro_credit,-0.028905511811023632,-0.010777777777777778,0.018127734033245854,0.20961548315233644,127,27,0.20961548315233644
1,macro_tightening,real_yield_10y_chg_3p,macro_rates,0.09023622047244094,0.04111111111111111,-0.04912510936132983,-0.1878983523436485,127,27,0.1878983523436485
1,macro_tightening,ndx_new_252d_high_low_spread_pct_chg_3p,breadth_concentration,-0.0020562362339948837,-0.02000886699789519,-0.017952630763900308,-0.1847007318283057,127,27,0.1847007318283057
1,macro_tightening,dgs2_level_z,macro_rates,0.633264382766513,0.387252174224769,-0.246012208541744,-0.1842436933593602,120,24,0.1842436933593602
1,macro_tightening,lqd_ret_3p,cross_asset,0.004175408905990128,0.007554762059382037,0.0033793531533919093,0.14155069114590224,127,27,0.14155069114590224
1,macro_tightening,qqew_vs_qqq_nav,breadth_concentration,0.7696604364364008,0.74507069676907,-0.0245897396673308,-0.14006178000482578,127,27,0.14006178000482578
1,macro_tightening,payems_yoy_chg_3p,macro_growth,0.003015720457475866,7.401974825718693e-05,-0.0029417007092186792,-0.13903640264902245,120,24,0.13903640264902245
1,macro_tightening,sahm_realtime_chg_3p,macro_growth,-0.13784,-0.20814814814814817,-0.07030814814814818,-0.1218153476720373,125,27,0.1218153476720373
1,macro_tightening,qqq_minus_spy_ret_3p,cross_asset,0.01172455849470243,0.008635583080936461,-0.0030889754137659684,-0.09879504155815294,127,27,0.09879504155815294
1,macro_tightening,ndx_pct_above_sma200_chg_3p,breadth_concentration,0.006688167841721872,-0.0036036911389169144,-0.010291858980638786,-0.08606077293820819,127,27,0.08606077293820819
1,macro_tightening,indpro_yoy_chg_3p,macro_growth,0.0027561525903343977,0.005409794140058451,0.002653641549724053,0.08048011435589664,120,24,0.08048011435589664
1,macro_tightening,move_chg_1p,cross_asset,-1.1159833203881644,-0.519581852592593,0.5964014677955713,0.05173672756137954,127,27,0.05173672756137954
1,macro_tightening,lqd_agg_ratio_ret_3p,cross_asset,0.001948133961126244,0.0014432067647991555,-0.0005049271963270886,-0.045629991563001224,127,27,0.045629991563001224
1,macro_tightening,rsafs_yoy_chg_3p,macro_growth,0.005092066618121051,0.004062837879721143,-0.0010292287383999081,-0.017880446217654618,120,24,0.017880446217654618
1,macro_tightening,dxy_ret_3p,cross_asset,0.004233497575309736,0.003757943686735769,-0.00047555388857396666,-0.014661756519956935,127,27,0.014661756519956935
1,macro_tightening,yield_curve_10y2y_chg_3p,macro_rates,-0.005196850393700779,-0.007407407407407402,-0.002210557013706623,-0.008337545998987134,127,27,0.008337545998987134
1,macro_tightening,ndx_current_top10_market_cap_weight_pct_chg_3p,breadth_concentration,0.0,0.0,0.0,,127,27,
1,risk_off_stress,qqq_rv_3p,qqq_state,0.26754018048361533,0.17715487240367234,-0.090385308079943,-0.8952905341023228,19,12,0.8952905341023228
1,risk_off_stress,dgs2_chg_3p,macro_rates,0.6247368421052631,0.027500000000000014,-0.5972368421052632,-0.8713476732706431,19,12,0.8713476732706431
1,risk_off_stress,real_yield_10y_chg_3p,macro_rates,0.5752631578947368,0.12916666666666668,-0.44609649122807016,-0.8695329469993829,19,12,0.8695329469993829
1,risk_off_stress,dgs10_chg_3p,macro_rates,0.46421052631578946,0.04999999999999997,-0.4142105263157895,-0.8684126084576859,19,12,0.8684126084576859
1,risk_off_stress,agg_ret_3p,cross_asset,-0.025930570747773916,-0.0034866912029957084,0.02244387954477821,0.802358736661142,19,12,0.802358736661142
1,risk_off_stress,dgs10_level_z,macro_rates,1.3206109826868486,0.12281416823724438,-1.1977968144496043,-0.7327200532459781,19,11,0.7327200532459781
1,risk_off_stress,qqq_above_sma10p,qqq_state,0.0,0.16666666666666666,0.16666666666666666,0.667384670823787,19,12,0.667384670823787
1,risk_off_stress,core_cpi_yoy_chg_3p,macro_growth,0.0029876037328667553,-0.00028558242068274254,-0.0032731861535494977,-0.6020952539824925,19,11,0.6020952539824925
1,risk_off_stress,lqd_ret_3p,cross_asset,-0.04742336392832259,-0.0217448000564191,0.02567856387190349,0.5534498896315777,19,12,0.5534498896315777
1,risk_off_stress,unrate_chg_6p,macro_growth,-0.24210526315789482,0.19166666666666674,0.4337719298245616,0.49823358893121955,19,12,0.49823358893121955
1,risk_off_stress,ndx_current_top10_market_cap_weight_pct,breadth_concentration,68.16641835266186,68.16641835266185,-1.4210854715202004e-14,-0.49186937683796467,19,12,0.49186937683796467
1,risk_off_stress,qqq_rv_6p,qqq_state,0.2492049703972344,0.21470800202985071,-0.034496968367383696,-0.49011991392857224,19,12,0.49011991392857224
1,risk_off_stress,ndx_new_252d_high_low_spread_pct,breadth_concentration,-0.026374959924290314,0.006701872175151107,0.03307683209944142,0.4830031374257677,19,12,0.4830031374257677
1,risk_off_stress,yield_curve_10y2y_chg_3p,macro_rates,-0.16052631578947366,0.022499999999999947,0.1830263157894736,0.46837039048463663,19,12,0.46837039048463663
1,risk_off_stress,pce_yoy_chg_3p,macro_growth,0.0007369394553304057,-0.0033564760235305986,-0.004093415478861004,-0.46789267139618373,19,11,0.46789267139618373
1,risk_off_stress,dgs2_level_z,macro_rates,1.216216681086567,0.4966301663790306,-0.7195865147075364,-0.432753269600782,19,11,0.432753269600782
1,risk_off_stress,ndx_net_advancers_pct,breadth_concentration,-0.015324592577584199,0.22542544915189336,0.24075004172947756,0.42807850550726073,19,12,0.42807850550726073
1,risk_off_stress,baa10y_level_z,macro_credit,0.2581867532037805,0.8419932094973658,0.5838064562935853,0.41467490456520895,19,11,0.41467490456520895
1,risk_off_stress,dxy_ret_3p,cross_asset,0.034217962446779535,0.01394774213839367,-0.020270220308385864,-0.40074984367056515,19,12,0.40074984367056515
1,risk_off_stress,policy_rate_chg_3p,macro_rates,0.43631578947368427,0.1391666666666666,-0.29714912280701766,-0.3704522653832262,19,12,0.3704522653832262
1,risk_off_stress,qqq_dist_sma10p,qqq_state,-0.10103016841230247,-0.07070499270001292,0.030325175712289557,0.36279347444977594,19,12,0.36279347444977594
1,risk_off_stress,qqq_ret_6p,qqq_state,-0.12680789629962694,-0.08219100833658997,0.044616887963036964,0.3569435133786906,19,12,0.3569435133786906
1,risk_off_stress,payems_yoy_chg_3p,macro_growth,-0.002620909034409071,-0.004413763380224609,-0.001792854345815538,-0.34085862153677005,19,11,0.34085862153677005
1,risk_off_stress,breakeven_curve_10y5y_level_z,macro_rates,-0.04222461065320845,0.5816012409355911,0.6238258515887996,0.3351285082247826,19,11,0.3351285082247826
1,risk_off_stress,ndx_new_252d_high_low_spread_pct_chg_3p,breadth_concentration,-0.03896791601238855,-0.007690301231099483,0.03127761478128906,0.29718882484200076,19,12,0.29718882484200076
1,risk_off_stress,indpro_yoy_chg_3p,macro_growth,-0.010643602686645279,-0.01571950985065013,-0.005075907164004851,-0.2930615352222037,19,11,0.2930615352222037
1,risk_off_stress,qqew_vs_qqq_nav,breadth_concentration,0.7012516961959986,0.7498686611782287,0.048616964982230115,0.2924441289831585,19,12,0.2924441289831585
1,risk_off_stress,qqq_drawdown_3p,qqq_state,-0.0954701006663748,-0.0768211735186733,0.0186489271477015,0.2867657531218496,19,12,0.2867657531218496
1,risk_off_stress,vix_chg_3p,cross_asset,4.136315789473684,7.065834166666666,2.9295183771929816,0.28042969360795705,19,12,0.28042969360795705
1,risk_off_stress,qqq_minus_spy_ret_3p,cross_asset,-0.026649814124821772,-0.011607324391747257,0.015042489733074515,0.2788152871362789,19,12,0.2788152871362789
1,risk_off_stress,sahm_realtime_level,macro_growth,0.22000000000000003,0.39333333333333337,0.17333333333333334,0.26138668788654473,19,12,0.26138668788654473
1,risk_off_stress,ndx_pct_above_sma200,breadth_concentration,0.33252966761267894,0.3768972496466018,0.04436758203392288,0.2502279566664805,19,12,0.2502279566664805
1,risk_off_stress,qqq_drawdown_12p,qqq_state,-0.20879726513316904,-0.18040065075704517,0.02839661437612387,0.2498784594302503,19,12,0.2498784594302503
1,risk_off_stress,ndx_pct_above_sma200_chg_3p,breadth_concentration,-0.1305228268918261,-0.1794383930811029,-0.04891556618927681,-0.24197668061625913,19,12,0.24197668061625913
1,risk_off_stress,nfci_level_z,macro_credit,1.1305286092426234,1.3441409392424317,0.21361232999980828,0.21668648827262582,19,11,0.21668648827262582
1,risk_off_stress,move_chg_1p,cross_asset,8.559879728947369,3.546682632499999,-5.013197096447369,-0.20739045839305353,19,12,0.20739045839305353
1,risk_off_stress,ndx_net_advancers_pct_chg_3p,breadth_concentration,0.13318211620893125,0.2963940168676507,0.16321190065871946,0.20562064427421337,19,12,0.20562064427421337
1,risk_off_stress,move_chg_3p,cross_asset,15.326042515263154,8.651817127500001,-6.674225387763153,-0.19348185364929574,19,12,0.19348185364929574
1,risk_off_stress,qqq_ret_12p,qqq_state,-0.09409199814222359,-0.057293672398612015,0.036798325743611575,0.1926347056236289,19,12,0.1926347056236289
1,risk_off_stress,spy_ret_3p,cross_asset,-0.058824989234809506,-0.07158672671242915,-0.01276173747761964,-0.17168985701163042,19,12,0.17168985701163042
1,risk_off_stress,baa10y_chg_3p,macro_credit,0.2021052631578947,0.3208333333333333,0.1187280701754386,0.1692636644564781,19,12,0.1692636644564781
1,risk_off_stress,lqd_agg_ratio_ret_3p,cross_asset,-0.02239269487553368,-0.01851820652716017,0.003874488348373513,0.134423440459084,19,12,0.134423440459084
1,risk_off_stress,rsafs_yoy_chg_3p,macro_growth,-0.019195573220997308,-0.014996067945263728,0.004199505275733579,0.1260945914273038,19,11,0.1260945914273038
1,risk_off_stress,unrate_level_z,macro_growth,-0.09501737356945818,0.101134684331315,0.19615205790077317,0.11043091627726596,19,11,0.11043091627726596
1,risk_off_stress,qqq_ret_1p,qqq_state,-0.046477684688153886,-0.039860432705809225,0.0066172519823446616,0.09647540558990665,19,12,0.09647540558990665
1,risk_off_stress,t5yie_chg_3p,macro_rates,-0.16421052631578947,-0.27416666666666656,-0.10995614035087709,-0.09542987447445721,19,12,0.09542987447445721
1,risk_off_stress,sahm_realtime_trigger,macro_growth,0.21052631578947367,0.25,0.03947368421052633,0.09287407382707108,19,12,0.09287407382707108
1,risk_off_stress,vix_chg_1p,cross_asset,3.035263684210526,2.4483333333333337,-0.5869303508771924,-0.07907469555472094,19,12,0.07907469555472094
1,risk_off_stress,t10yie_chg_3p,macro_rates,-0.11105263157894736,-0.07916666666666673,0.03188596491228063,0.058620943908969055,19,12,0.058620943908969055
1,risk_off_stress,qqq_ret_3p,qqq_state,-0.08547480335963129,-0.08319405110417641,0.0022807522554548765,0.026604199342674315,19,12,0.026604199342674315
1,risk_off_stress,nfci_chg_3p,macro_credit,0.16947368421052628,0.15633333333333335,-0.013140350877192924,-0.022386772128477953,19,12,0.022386772128477953
1,risk_off_stress,ndx_pct_above_sma50,breadth_concentration,0.35032907674564856,0.348677773038179,-0.0016513037074695758,-0.007462733593259904,19,12,0.007462733593259904
1,risk_off_stress,sahm_realtime_chg_3p,macro_growth,0.14894736842105266,0.15,0.0010526315789473328,0.004825764661476256,19,12,0.004825764661476256
1,risk_off_stress,ndx_current_top10_market_cap_weight_pct_chg_3p,breadth_concentration,0.0,0.0,0.0,,19,12,
1,risk_on_growth,vix_chg_3p,cross_asset,-8.706668571428573,-3.6054540909090913,5.101214480519481,0.8805190594345851,21,22,0.8805190594345851
1,risk_on_growth,unrate_level_z,macro_growth,1.1991462329324551,-0.1767799261575598,-1.375926159090015,-0.7775606655339378,21,22,0.7775606655339378
1,risk_on_growth,dgs2_level_z,macro_rates,-1.003289263933607,-0.10905715393410266,0.8942321099995044,0.7560855248509892,21,22,0.7560855248509892
1,risk_on_growth,nfci_chg_3p,macro_credit,-0.3579523809523809,-0.09663636363636363,0.2613160173160173,0.7560271111859482,21,22,0.7560271111859482
1,risk_on_growth,qqq_rv_6p,qqq_state,0.24135844389233344,0.2035220858923495,-0.037836357999983944,-0.7256719700354574,21,22,0.7256719700354574
1,risk_on_growth,ndx_pct_above_sma50,breadth_concentration,0.8121792564033737,0.7253754212327292,-0.0868038351706445,-0.7155890631746996,21,22,0.7155890631746996
1,risk_on_growth,sahm_realtime_level,macro_growth,2.634285714285715,0.9318181818181818,-1.7024675324675331,-0.6501053778817548,21,22,0.6501053778817548
1,risk_on_growth,sahm_realtime_trigger,macro_growth,0.5714285714285714,0.2727272727272727,-0.2987012987012987,-0.5983974400524408,21,22,0.5983974400524408
1,risk_on_growth,ndx_pct_above_sma200_chg_3p,breadth_concentration,0.29027872443510355,0.1987805300746989,-0.09149819436040466,-0.5847134163585099,21,22,0.5847134163585099
1,risk_on_growth,lqd_agg_ratio_ret_3p,cross_asset,0.02834054819194914,0.016922997579517308,-0.011417550612431833,-0.5340601036428564,21,22,0.5340601036428564
1,risk_on_growth,indpro_yoy_chg_3p,macro_growth,-0.018359017937885764,0.006155023588992392,0.024514041526878156,0.5253725369026426,21,22,0.5253725369026426
1,risk_on_growth,spy_ret_3p,cross_asset,0.11053401249294847,0.08546950261644905,-0.025064509876499427,-0.511132343185394,21,22,0.511132343185394
1,risk_on_growth,qqq_rv_3p,qqq_state,0.20901440707802363,0.16071081570744863,-0.048303591370574994,-0.5059589578852647,21,22,0.5059589578852647
1,risk_on_growth,t10yie_chg_3p,macro_rates,0.1814285714285714,0.03681818181818183,-0.14461038961038958,-0.5052347951967217,21,22,0.5052347951967217
1,risk_on_growth,payems_yoy_chg_3p,macro_growth,-0.0165747133481561,0.00014116769862486769,0.016715881046780966,0.4768694644015556,21,22,0.4768694644015556
1,risk_on_growth,baa10y_chg_3p,macro_credit,-0.4085714285714285,-0.15090909090909088,0.2576623376623376,0.47457977762982706,21,22,0.47457977762982706
1,risk_on_growth,vix_chg_1p,cross_asset,-2.6728580952380954,-0.6909086363636365,1.9819494588744588,0.468426326574086,21,22,0.468426326574086
1,risk_on_growth,sahm_realtime_chg_3p,macro_growth,0.9904761904761903,-0.04227272727272725,-1.0327489177489175,-0.45860916728463014,21,22,0.45860916728463014
1,risk_on_growth,dgs10_level_z,macro_rates,-1.0134901377579961,-0.5147110991239775,0.4987790386340186,0.444579141255876,21,22,0.444579141255876
1,risk_on_growth,qqq_drawdown_12p,qqq_state,-0.050427935934671785,-0.01930442775726254,0.031123508177409245,0.43343919270101716,21,22,0.43343919270101716
1,risk_on_growth,t5yie_chg_3p,macro_rates,0.18952380952380954,0.03227272727272727,-0.15725108225108225,-0.4219695676971475,21,22,0.4219695676971475
1,risk_on_growth,pce_yoy_chg_3p,macro_growth,-0.004092789818830809,-0.0017930548229993968,0.0022997349958314124,0.365646638510389,21,22,0.365646638510389
1,risk_on_growth,ndx_net_advancers_pct_chg_3p,breadth_concentration,0.1178820509223636,0.37288150236510764,0.25499945144274405,0.3587927508743383,21,22,0.3587927508743383
1,risk_on_growth,unrate_chg_6p,macro_growth,1.3952380952380958,0.18636363636363634,-1.2088744588744595,-0.3547060473786594,21,22,0.3547060473786594
1,risk_on_growth,lqd_ret_3p,cross_asset,0.0533214897775,0.042767281533803075,-0.010554208243696926,-0.32095571713339216,21,22,0.32095571713339216
1,risk_on_growth,qqq_above_sma10p,qqq_state,0.9523809523809523,1.0,0.04761904761904767,0.3122589773477146,21,22,0.3122589773477146
1,risk_on_growth,ndx_new_252d_high_low_spread_pct_chg_3p,breadth_concentration,0.08265070208518413,0.058529297360185056,-0.024121404724999074,-0.3021658405770695,21,22,0.3021658405770695
1,risk_on_growth,qqq_dist_sma10p,qqq_state,0.1229289466480578,0.10188436502536251,-0.02104458162269529,-0.29580714471806874,21,22,0.29580714471806874
1,risk_on_growth,nfci_level_z,macro_credit,-0.10924727616779259,0.16026819786390928,0.26951547403170184,0.2915704694610591,21,22,0.2915704694610591
1,risk_on_growth,qqq_ret_3p,qqq_state,0.14696158986429927,0.12637105666628728,-0.02059053319801199,-0.28613680902953986,21,22,0.28613680902953986
1,risk_on_growth,qqq_ret_1p,qqq_state,0.05809678100789495,0.046727345121890036,-0.011369435886004912,-0.2848101880724254,21,22,0.2848101880724254
1,risk_on_growth,dgs10_chg_3p,macro_rates,-0.09619047619047622,-0.19363636363636363,-0.09744588744588742,-0.2616790652902735,21,22,0.2616790652902735
1,risk_on_growth,ndx_new_252d_high_low_spread_pct,breadth_concentration,0.09405802214557972,0.0759743202561514,-0.018083701889428316,-0.2521133516824994,21,22,0.2521133516824994
1,risk_on_growth,yield_curve_10y2y_chg_3p,macro_rates,0.08476190476190472,0.03136363636363638,-0.05339826839826834,-0.2325950248367881,21,22,0.2325950248367881
1,risk_on_growth,core_cpi_yoy_chg_3p,macro_growth,-0.0015315235351956737,-0.0007266319077031074,0.0008048916274925663,0.199850077525601,21,22,0.199850077525601
1,risk_on_growth,move_chg_1p,cross_asset,-0.7897902938095223,-3.314081213181819,-2.524290919372297,-0.18318239329070685,21,22,0.18318239329070685
1,risk_on_growth,real_yield_10y_chg_3p,macro_rates,-0.27761904761904765,-0.2304545454545455,0.04716450216450216,0.18006313394288817,21,22,0.18006313394288817
1,risk_on_growth,breakeven_curve_10y5y_level_z,macro_rates,0.167120709866796,-0.004074499727252632,-0.17119520959404863,-0.16548107726370084,21,22,0.16548107726370084
1,risk_on_growth,dxy_ret_3p,cross_asset,-0.029474431129358204,-0.024415329932189492,0.005059101197168712,0.16271440292221526,21,22,0.16271440292221526
1,risk_on_growth,ndx_net_advancers_pct,breadth_concentration,0.10172019913722531,0.16073724881356763,0.05901704967634232,0.13434710367590694,21,22,0.13434710367590694
1,risk_on_growth,qqq_drawdown_3p,qqq_state,-0.0026885043981559912,-0.00408297929921576,-0.001394474901059769,-0.1323374008210585,21,22,0.1323374008210585
1,risk_on_growth,rsafs_yoy_chg_3p,macro_growth,-0.004607828801292195,0.0026674008285269154,0.007275229629819111,0.12770010354656855,21,22,0.12770010354656855
1,risk_on_growth,dgs2_chg_3p,macro_rates,-0.1809523809523809,-0.22499999999999998,-0.044047619047619085,-0.12037623895438161,21,22,0.12037623895438161
1,risk_on_growth,qqq_ret_6p,qqq_state,0.1605168541502995,0.14443313525173027,-0.016083718898569244,-0.11785561248869154,21,22,0.11785561248869154
1,risk_on_growth,policy_rate_chg_3p,macro_rates,-0.056666666666666664,-0.014545454545454558,0.04212121212121211,0.10878521806504168,21,22,0.10878521806504168
1,risk_on_growth,qqq_minus_spy_ret_3p,cross_asset,0.03642757737135082,0.04090155404983826,0.004473976678487437,0.09577949045296945,21,22,0.09577949045296945
1,risk_on_growth,move_chg_3p,cross_asset,-8.118957026666667,-10.101353874090906,-1.9823968474242388,-0.09526116221643119,21,22,0.09526116221643119
1,risk_on_growth,baa10y_level_z,macro_credit,0.19252630220810635,0.10906296835274358,-0.08346333385536277,-0.09284619830401504,21,22,0.09284619830401504
1,risk_on_growth,ndx_pct_above_sma200,breadth_concentration,0.7900202800052528,0.7816880527207359,-0.00833222728451688,-0.08685370826433884,21,22,0.08685370826433884
1,risk_on_growth,agg_ret_3p,cross_asset,0.024251925089753733,0.025240809919010863,0.0009888848292571306,0.052207865880960325,21,22,0.052207865880960325
1,risk_on_growth,qqew_vs_qqq_nav,breadth_concentration,0.7280773966075442,0.722896962979331,-0.005180433628213188,-0.03531638843220451,21,22,0.03531638843220451
1,risk_on_growth,qqq_ret_12p,qqq_state,0.16952326608981938,0.17355209460471965,0.004028828514900273,0.01787440147409359,21,22,0.01787440147409359
1,risk_on_growth,ndx_current_top10_market_cap_weight_pct,breadth_concentration,68.16641835266185,68.16641835266185,0.0,0.0,21,22,0.0
1,risk_on_growth,ndx_current_top10_market_cap_weight_pct_chg_3p,breadth_concentration,0.0,0.0,0.0,,21,22,
3,fragile_growth,move_chg_3p,cross_asset,34.06499862625,-0.353437579333333,-34.41843620558333,-1.423421183887024,8,30,1.423421183887024
3,fragile_growth,qqq_ret_12p,qqq_state,0.22059603485297338,0.040579285425254456,-0.18001674942771892,-1.1848091189003664,8,27,1.1848091189003664
3,fragile_growth,qqq_above_sma10p,qqq_state,0.75,0.26666666666666666,-0.48333333333333334,-0.9887119179082231,8,30,0.9887119179082231
3,fragile_growth,rsafs_yoy_chg_3p,macro_growth,0.010964079579500768,-0.010828573676741603,-0.02179265325624237,-0.9760476148418156,8,27,0.9760476148418156
3,fragile_growth,qqq_rv_6p,qqq_state,0.14311111638338161,0.2006026442696157,0.05749152788623407,0.9712877517428605,8,30,0.9712877517428605
3,fragile_growth,pce_yoy_chg_3p,macro_growth,0.004268593623557498,-0.003257963726891565,-0.0075265573504490636,-0.9602485823420899,8,27,0.9602485823420899
3,fragile_growth,move_chg_1p,cross_asset,13.302498816250003,-3.402130645,-16.704629461250004,-0.9284879070178369,8,30,0.9284879070178369
3,fragile_growth,yield_curve_10y2y_chg_3p,macro_rates,0.20874999999999994,-0.197,-0.40574999999999994,-0.8824877124607272,8,30,0.8824877124607272
3,fragile_growth,qqq_dist_sma10p,qqq_state,0.03232862050801204,-0.03126760267714713,-0.06359622318515917,-0.8096817357904761,8,30,0.8096817357904761
3,fragile_growth,qqq_rv_3p,qqq_state,0.16263194516495533,0.2214093891233078,0.058777443958352465,0.7848193536720575,8,30,0.7848193536720575
3,fragile_growth,qqq_ret_6p,qqq_state,0.05878791119911453,-0.030798679062298138,-0.08958659026141266,-0.7840192247192416,8,30,0.7840192247192416
3,fragile_growth,qqew_vs_qqq_nav,breadth_concentration,0.9164867462460266,0.8194320138346686,-0.09705473241135798,-0.7296646914874628,8,30,0.7296646914874628
3,fragile_growth,dgs2_chg_3p,macro_rates,-0.7525000000000001,-0.3973333333333333,0.35516666666666674,0.6934524484410316,8,30,0.6934524484410316
3,fragile_growth,t10yie_chg_3p,macro_rates,-0.06999999999999998,-0.2846666666666667,-0.2146666666666667,-0.6761011452265723,8,30,0.6761011452265723
3,fragile_growth,qqq_minus_spy_ret_3p,cross_asset,0.02765881392298286,0.00019249965546943212,-0.02746631426751343,-0.6698541561013709,8,30,0.6698541561013709
3,fragile_growth,qqq_ret_3p,qqq_state,-0.008708475480185426,-0.05367251436874821,-0.044964038888562784,-0.6593557982629744,8,30,0.6593557982629744
3,fragile_growth,ndx_new_252d_high_low_spread_pct_chg_3p,breadth_concentration,-0.07665054722273029,-0.029229575144909994,0.0474209720778203,0.6104929268750156,8,30,0.6104929268750156
3,fragile_growth,qqq_drawdown_12p,qqq_state,-0.05885210501419956,-0.11361833711472209,-0.05476623210052253,-0.601675693342422,8,29,0.601675693342422
3,fragile_growth,real_yield_10y_chg_3p,macro_rates,-0.47375,-0.3096666666666667,0.1640833333333333,0.5873166027674721,8,30,0.5873166027674721
3,fragile_growth,nfci_chg_3p,macro_credit,0.387125,0.2122,-0.174925,-0.5563806756648512,8,30,0.5563806756648512
3,fragile_growth,nfci_level_z,macro_credit,2.0398230049149477,1.0182624588621767,-1.021560546052771,-0.5319960476353497,8,27,0.5319960476353497
3,fragile_growth,lqd_agg_ratio_ret_3p,cross_asset,-0.008443916958197809,0.004300513276323452,0.012744430234521261,0.5304985478640744,8,30,0.5304985478640744
3,fragile_growth,policy_rate_chg_3p,macro_rates,-0.5237499999999999,-0.18500000000000003,0.3387499999999999,0.5272260846752992,8,30,0.5272260846752992
3,fragile_growth,ndx_pct_above_sma200,breadth_concentration,0.5364553990610328,0.4511173656541034,-0.08533803340692941,-0.5248239594642649,8,30,0.5248239594642649
3,fragile_growth,dxy_ret_3p,cross_asset,-0.009808080405909428,0.011492814276008375,0.0213008946819178,0.5207659887611669,8,30,0.5207659887611669
3,fragile_growth,vix_chg_1p,cross_asset,3.4087512499999995,-0.5259999999999999,-3.9347512499999993,-0.5032877512861845,8,30,0.5032877512861845
3,fragile_growth,ndx_current_top10_market_cap_weight_pct,breadth_concentration,68.16641835266186,68.16641835266185,-1.4210854715202004e-14,-0.4933771910329651,8,30,0.4933771910329651
3,fragile_growth,breakeven_curve_10y5y_level_z,macro_rates,0.8566258009336164,0.32566797357432464,-0.5309578273592918,-0.43250668471216586,8,27,0.43250668471216586
3,fragile_growth,ndx_pct_above_sma50,breadth_concentration,0.39845506234632944,0.4964708531334294,0.09801579078709999,0.42740148590095695,8,30,0.42740148590095695
3,fragile_growth,dgs2_level_z,macro_rates,-1.5123591890491557,-0.9700226928632886,0.5423364961858671,0.40900994623549863,8,27,0.40900994623549863
3,fragile_growth,lqd_ret_3p,cross_asset,0.01975046406654421,0.033874349416880084,0.014123885350335874,0.38638721747144333,8,30,0.38638721747144333
3,fragile_growth,qqq_ret_1p,qqq_state,-0.02680068410075416,-0.003900238743643362,0.022900445357110798,0.3808234805675103,8,30,0.3808234805675103
3,fragile_growth,baa10y_level_z,macro_credit,1.786826038485457,1.192859911810082,-0.5939661266753751,-0.36903717631224303,8,27,0.36903717631224303
3,fragile_growth,ndx_net_advancers_pct_chg_3p,breadth_concentration,-0.3253338675213675,-0.08382830192094802,0.24150556560041947,0.36498795524527594,8,30,0.36498795524527594
3,fragile_growth,core_cpi_yoy_chg_3p,macro_growth,-1.0336863372290006e-05,-0.0016529310727688871,-0.0016425942093965971,-0.32875569420611517,8,27,0.32875569420611517
3,fragile_growth,vix_chg_3p,cross_asset,7.87499875,4.730667666666667,-3.1443310833333324,-0.30891835352948194,8,30,0.30891835352948194
3,fragile_growth,dgs10_level_z,macro_rates,-1.170728493125785,-1.495562876013796,-0.3248343828880109,-0.30787489992345285,8,27,0.30787489992345285
3,fragile_growth,t5yie_chg_3p,macro_rates,-0.13250000000000003,-0.2613333333333333,-0.12883333333333327,-0.3073038566635331,8,30,0.3073038566635331
3,fragile_growth,spy_ret_3p,cross_asset,-0.03636728940316829,-0.05386501402421763,-0.017497724621049343,-0.29924709488481405,8,30,0.29924709488481405
3,fragile_growth,ndx_pct_above_sma200_chg_3p,breadth_concentration,-0.23135393728547587,-0.18088367201556743,0.05047026526990844,0.286554377303187,8,30,0.286554377303187
3,fragile_growth,sahm_realtime_chg_3p,macro_growth,-0.10124999999999999,-0.00033333333333334937,0.10091666666666664,0.23038262183188948,8,30,0.23038262183188948
3,fragile_growth,indpro_yoy_chg_3p,macro_growth,0.0073055338545177095,0.001459699104913162,-0.005845834749604548,-0.20810430893378298,8,27,0.20810430893378298
3,fragile_growth,dgs10_chg_3p,macro_rates,-0.5437500000000001,-0.5943333333333334,-0.050583333333333313,-0.15094488193869282,8,30,0.15094488193869282
3,fragile_growth,unrate_chg_6p,macro_growth,0.04999999999999971,-0.02000000000000003,-0.06999999999999974,-0.14241499270097807,8,30,0.14241499270097807
3,fragile_growth,payems_yoy_chg_3p,macro_growth,0.0021407731477690317,0.000863635296334367,-0.0012771378514346648,-0.13839062958721118,8,27,0.13839062958721118
3,fragile_growth,ndx_new_252d_high_low_spread_pct,breadth_concentration,0.0119737681137329,0.0060322682126400795,-0.005941499901092821,-0.12671366389597635,8,30,0.12671366389597635
3,fragile_growth,baa10y_chg_3p,macro_credit,0.47875,0.42699999999999994,-0.051750000000000074,-0.11761994528047398,8,30,0.11761994528047398
3,fragile_growth,qqq_drawdown_3p,qqq_state,-0.04798634158947286,-0.05307588043791226,-0.0050895388484394,-0.11166461231521616,8,30,0.11166461231521616
3,fragile_growth,sahm_realtime_level,macro_growth,0.31125,0.2763333333333333,-0.03491666666666671,-0.07186871325059423,8,30,0.07186871325059423
3,fragile_growth,ndx_net_advancers_pct,breadth_concentration,-0.07682154460835967,-0.10916651876945177,-0.0323449741610921,-0.05949258160202769,8,30,0.05949258160202769
3,fragile_growth,agg_ret_3p,cross_asset,0.02844224697254194,0.02916953886251868,0.0007272918899767396,0.04954648785378509,8,30,0.04954648785378509
3,fragile_growth,sahm_realtime_trigger,macro_growth,0.125,0.13333333333333333,0.008333333333333331,0.02432592941186097,8,30,0.02432592941186097
3,fragile_growth,unrate_level_z,macro_growth,-0.07227846925882947,-0.095660936865158,-0.023382467606328533,-0.01621161994791522,8,27,0.01621161994791522
3,fragile_growth,ndx_current_top10_market_cap_weight_pct_chg_3p,breadth_concentration,0.0,0.0,0.0,,8,30,
3,macro_tightening,dgs2_chg_3p,macro_rates,0.0911926605504587,0.2358139534883721,0.14462129293791343,0.548751726664294,109,43,0.548751726664294
3,macro_tightening,nfci_level_z,macro_credit,-0.453720153216049,-0.00239970129371192,0.4513204519223371,0.4405549758227367,104,38,0.4405549758227367
3,macro_tightening,baa10y_level_z,macro_credit,-0.84691510162694,-0.5025934307822872,0.3443216708446527,0.4373583584507888,104,38,0.4373583584507888
3,macro_tightening,ndx_pct_above_sma200,breadth_concentration,0.7820985610086365,0.7386864586602808,-0.043412102348355686,-0.4315672204139005,109,43,0.4315672204139005
3,macro_tightening,agg_ret_3p,cross_asset,0.004772012058922376,-0.0016880930946317936,-0.006460105153554169,-0.42713021935192275,109,43,0.42713021935192275
3,macro_tightening,dgs10_chg_3p,macro_rates,0.09568807339449542,0.21232558139534882,0.1166375080008534,0.37528098864370374,109,43,0.37528098864370374
3,macro_tightening,ndx_pct_above_sma50,breadth_concentration,0.6520178968115283,0.5931624631496571,-0.05885543366187118,-0.3708185548059675,109,43,0.3708185548059675
3,macro_tightening,lqd_ret_3p,cross_asset,0.007429241946970477,-0.0013426568397401832,-0.00877189878671066,-0.3658971364607433,109,43,0.3658971364607433
3,macro_tightening,real_yield_10y_chg_3p,macro_rates,0.053302752293578,0.14813953488372092,0.09483678259014292,0.3616454460804718,109,43,0.3616454460804718
3,macro_tightening,qqq_rv_3p,qqq_state,0.11452089794930749,0.13526950455377504,0.020748606604467548,0.32079984520574595,109,43,0.32079984520574595
3,macro_tightening,ndx_new_252d_high_low_spread_pct,breadth_concentration,0.07429139738062589,0.05300550940841849,-0.021285887972207394,-0.2899903249884594,109,43,0.2899903249884594
3,macro_tightening,qqq_above_sma10p,qqq_state,0.981651376146789,0.9302325581395349,-0.05141881800725412,-0.2873351038231966,109,43,0.2873351038231966
3,macro_tightening,qqq_drawdown_3p,qqq_state,-0.007997570651625327,-0.012310394506493653,-0.004312823854868326,-0.2573659353522226,109,43,0.2573659353522226
3,macro_tightening,unrate_level_z,macro_growth,-0.8874293563140653,-0.5818954978491816,0.3055338584648837,0.25529728840100235,104,38,0.25529728840100235
3,macro_tightening,unrate_chg_6p,macro_growth,-0.3073394495412843,-0.1375,0.16983944954128427,0.2380879938401733,109,40,0.2380879938401733
3,macro_tightening,nfci_chg_3p,macro_credit,-0.03222935779816514,-0.012906976744186045,0.01932238105397909,0.22342089515654945,109,43,0.22342089515654945
3,macro_tightening,move_chg_1p,cross_asset,-1.56964312027523,0.957351329767442,2.5269944500426718,0.2206818258459125,109,43,0.2206818258459125
3,macro_tightening,ndx_net_advancers_pct,breadth_concentration,-0.0365820529667708,-0.1336418783593549,-0.09705982539258409,-0.21158287636390596,109,43,0.21158287636390596
3,macro_tightening,indpro_yoy_chg_3p,macro_growth,0.005176797539173616,-0.0018236227344356189,-0.0070004202736092345,-0.2109211933925001,104,38,0.2109211933925001
3,macro_tightening,qqq_drawdown_12p,qqq_state,-0.01047537496273985,-0.014450835324852104,-0.0039754603621122535,-0.2087655938368764,109,40,0.2087655938368764
3,macro_tightening,lqd_agg_ratio_ret_3p,cross_asset,0.0025389747029013108,0.00023538155554570208,-0.0023035931473556087,-0.20700395538219377,109,43,0.20700395538219377
3,macro_tightening,qqq_ret_12p,qqq_state,0.22812280100324855,0.2554176243525872,0.027294823349338637,0.20361328003132037,106,40,0.20361328003132037
3,macro_tightening,dxy_ret_3p,cross_asset,0.0023484018826280886,0.008385909050874038,0.006037507168245949,0.1849835065982579,109,43,0.1849835065982579
3,macro_tightening,vix_chg_1p,cross_asset,-0.30064192660550454,0.3269760465116279,0.6276179731171325,0.18275585209468548,109,43,0.18275585209468548
3,macro_tightening,qqq_ret_1p,qqq_state,0.0199338021011591,0.013822448141690239,-0.00611135395946886,-0.17585790342165916,109,43,0.17585790342165916
3,macro_tightening,spy_ret_3p,cross_asset,0.047909621052527475,0.04181464560488053,-0.006094975447646943,-0.16642165006000983,109,43,0.16642165006000983
3,macro_tightening,sahm_realtime_chg_3p,macro_growth,-0.12642201834862388,-0.21585365853658536,-0.08943164018796149,-0.1539610756570217,109,41,0.1539610756570217
3,macro_tightening,sahm_realtime_trigger,macro_growth,0.05504587155963303,0.09302325581395349,0.037977384254320457,0.15268316157862824,109,43,0.15268316157862824
3,macro_tightening,ndx_pct_above_sma200_chg_3p,breadth_concentration,0.009928087575103835,-0.008366671182219216,-0.018294758757323053,-0.15200036387386176,109,43,0.15200036387386176
3,macro_tightening,payems_yoy_chg_3p,macro_growth,0.0034172865473179603,0.0002191483210749,-0.0031981382262430604,-0.15011143902871638,104,38,0.15011143902871638
3,macro_tightening,core_cpi_yoy_chg_3p,macro_growth,0.000590528748013265,-6.491084162904997e-05,-0.000655439589642315,-0.14623421262919098,104,38,0.14623421262919098
3,macro_tightening,qqq_ret_3p,qqq_state,0.05850577846887678,0.05162816046559435,-0.006877618003282432,-0.14057262230377182,109,43,0.14057262230377182
3,macro_tightening,move_chg_3p,cross_asset,-1.7092854314678902,-3.769064597441861,-2.059779165973971,-0.1399705975841758,109,43,0.1399705975841758
3,macro_tightening,sahm_realtime_level,macro_growth,0.17036697247706423,0.27069767441860465,0.10033070194154042,0.12621173740466549,109,43,0.12621173740466549
3,macro_tightening,vix_chg_3p,cross_asset,-0.46183458715596326,-0.9581397674418602,-0.496305180285897,-0.12450884610900845,109,43,0.12450884610900845
3,macro_tightening,t10yie_chg_3p,macro_rates,0.042385321100917424,0.06418604651162792,0.021800725410710493,0.11974402115346865,109,43,0.11974402115346865
3,macro_tightening,yield_curve_10y2y_chg_3p,macro_rates,0.004495412844036711,-0.02348837209302327,-0.027983784937059983,-0.10514678181361833,109,43,0.10514678181361833
3,macro_tightening,qqq_rv_6p,qqq_state,0.13144100965035554,0.13590923354328707,0.004468223892931528,0.10238824220208285,109,40,0.10238824220208285
3,macro_tightening,ndx_current_top10_market_cap_weight_pct,breadth_concentration,68.16641835266185,68.16641835266186,1.4210854715202004e-14,0.09967050981266118,109,43,0.09967050981266118
3,macro_tightening,qqq_ret_6p,qqq_state,0.12347357705613572,0.11624798055335706,-0.007225596502778667,-0.09839733498292665,109,40,0.09839733498292665
3,macro_tightening,baa10y_chg_3p,macro_credit,-0.09623853211009174,-0.07953488372093023,0.01670364838916151,0.09414753702965442,109,43,0.09414753702965442
3,macro_tightening,qqq_dist_sma10p,qqq_state,0.08505725319625178,0.08147749404336453,-0.0035797591528872463,-0.08351578543864367,109,42,0.08351578543864367
3,macro_tightening,dgs10_level_z,macro_rates,0.26150242905282517,0.33435502048193105,0.07285259142910588,0.07539749864793249,104,38,0.07539749864793249
3,macro_tightening,dgs2_level_z,macro_rates,0.6335757991892985,0.5338528572697058,-0.09972294191959274,-0.07448398543181366,104,38,0.07448398543181366
3,macro_tightening,t5yie_chg_3p,macro_rates,0.0708256880733945,0.08232558139534886,0.011499893321954363,0.046871945483488914,109,43,0.046871945483488914
3,macro_tightening,policy_rate_chg_3p,macro_rates,0.05651376146788992,0.06813953488372096,0.011625773415831042,0.043469485046302575,109,43,0.043469485046302575
3,macro_tightening,ndx_net_advancers_pct_chg_3p,breadth_concentration,-0.080066261636875,-0.05492035506184159,0.025145906575033405,0.041421935423791544,109,43,0.041421935423791544
3,macro_tightening,rsafs_yoy_chg_3p,macro_growth,0.005420062726585361,0.0033974673074618155,-0.0020225954191235456,-0.0348965208392785,104,38,0.0348965208392785
3,macro_tightening,ndx_new_252d_high_low_spread_pct_chg_3p,breadth_concentration,-0.0069305477774126885,-0.004292222425783159,0.0026383253516295297,0.02711762296209067,109,43,0.02711762296209067
3,macro_tightening,qqq_minus_spy_ret_3p,cross_asset,0.010596157416349302,0.009813514860713817,-0.0007826425556354856,-0.025804837128919653,109,43,0.025804837128919653
3,macro_tightening,pce_yoy_chg_3p,macro_growth,0.001498805685970628,0.0015984206557961202,9.96149698254923e-05,0.015486251208135878,104,38,0.015486251208135878
3,macro_tightening,qqew_vs_qqq_nav,breadth_concentration,0.7709533048374069,0.7687711443755402,-0.0021821604618667,-0.012747672766377264,109,43,0.012747672766377264
3,macro_tightening,breakeven_curve_10y5y_level_z,macro_rates,-0.35247902112575047,-0.3497337446384643,0.0027452764872861746,0.0026795436572001827,104,38,0.0026795436572001827
3,macro_tightening,ndx_current_top10_market_cap_weight_pct_chg_3p,breadth_concentration,0.0,0.0,0.0,,109,43,
3,risk_off_stress,yield_curve_10y2y_chg_3p,macro_rates,-0.3153846153846154,0.07333333333333329,0.3887179487179487,0.9947420765374093,13,18,0.9947420765374093
3,risk_off_stress,dgs2_chg_3p,macro_rates,0.7415384615384616,0.14222222222222217,-0.5993162393162395,-0.8743814411058669,13,18,0.8743814411058669
3,risk_off_stress,qqq_rv_3p,qqq_state,0.28097148279400774,0.19758292342836997,-0.08338855936563777,-0.8259858757847381,13,18,0.8259858757847381
3,risk_off_stress,agg_ret_3p,cross_asset,-0.030403171932136392,-0.007737772418104434,0.02266539951403196,0.810277977286233,13,18,0.810277977286233
3,risk_off_stress,ndx_net_advancers_pct,breadth_concentration,-0.18515847087275666,0.26783323623302535,0.452991707105782,0.8054661656213652,13,18,0.8054661656213652
3,risk_off_stress,qqew_vs_qqq_nav,breadth_concentration,0.650102670152526,0.7706039694377712,0.12050129928524522,0.7248477465364797,13,18,0.7248477465364797
3,risk_off_stress,ndx_new_252d_high_low_spread_pct,breadth_concentration,-0.04151834003348116,0.006613147109752905,0.04813148714323407,0.7028381445133207,13,18,0.7028381445133207
3,risk_off_stress,unrate_chg_6p,macro_growth,-0.41538461538461535,0.17222222222222217,0.5876068376068375,0.6749294812593971,13,18,0.6749294812593971
3,risk_off_stress,qqq_rv_6p,qqq_state,0.2623636863767047,0.21670347438936116,-0.045660211987343546,-0.6487230683829055,13,18,0.6487230683829055
3,risk_off_stress,real_yield_10y_chg_3p,macro_rates,0.59,0.26722222222222225,-0.3227777777777777,-0.6291596501115057,13,18,0.6291596501115057
3,risk_off_stress,pce_yoy_chg_3p,macro_growth,0.0022537057949241044,-0.0030716212906807196,-0.005325327085604824,-0.6087047672071166,13,17,0.6087047672071166
3,risk_off_stress,breakeven_curve_10y5y_level_z,macro_rates,-0.4450664645896672,0.6694829463262479,1.114549410915915,0.598752489131002,13,17,0.598752489131002
3,risk_off_stress,lqd_ret_3p,cross_asset,-0.05232058258376085,-0.026767441207014853,0.025553141376745997,0.5507466595581005,13,18,0.5507466595581005
3,risk_off_stress,ndx_pct_above_sma200,breadth_concentration,0.2948984358389809,0.3892861674718539,0.094387731632873,0.5323357311385502,13,18,0.5323357311385502
3,risk_off_stress,policy_rate_chg_3p,macro_rates,0.56,0.14888888888888888,-0.4111111111111112,-0.5125273162399172,13,18,0.5125273162399172
3,risk_off_stress,core_cpi_yoy_chg_3p,macro_growth,0.003328686483636293,0.0006088317652756689,-0.002719854718360624,-0.5003111771296499,13,17,0.5003111771296499
3,risk_off_stress,ndx_current_top10_market_cap_weight_pct,breadth_concentration,68.16641835266185,68.16641835266186,1.4210854715202004e-14,0.49186937683796467,13,18,0.49186937683796467
3,risk_off_stress,vix_chg_1p,cross_asset,0.736923076923077,4.3038894444444455,3.5669663675213688,0.4805626070352899,13,18,0.4805626070352899
3,risk_off_stress,qqq_ret_6p,qqq_state,-0.14301650486119918,-0.08535708702980009,0.05765941783139909,0.4612862106644474,13,18,0.4612862106644474
3,risk_off_stress,qqq_above_sma10p,qqq_state,0.0,0.1111111111111111,0.1111111111111111,0.4449231138825247,13,18,0.4449231138825247
3,risk_off_stress,dgs10_chg_3p,macro_rates,0.42615384615384616,0.21555555555555547,-0.2105982905982907,-0.4415296069413768,13,18,0.4415296069413768
3,risk_off_stress,dxy_ret_3p,cross_asset,0.03888091398472286,0.017336795019341003,-0.02154411896538186,-0.42593529700439425,13,18,0.42593529700439425
3,risk_off_stress,qqq_dist_sma10p,qqq_state,-0.10831707362564927,-0.07555061972780337,0.032766453897845896,0.39199956391944063,13,18,0.39199956391944063
3,risk_off_stress,sahm_realtime_level,macro_growth,0.1553846153846154,0.3822222222222222,0.2268376068376068,0.3420711388811093,13,18,0.3420711388811093
3,risk_off_stress,ndx_new_252d_high_low_spread_pct_chg_3p,breadth_concentration,-0.047109950190628865,-0.012235814807244507,0.03487413538338436,0.33136169060336795,13,18,0.33136169060336795
3,risk_off_stress,move_chg_3p,cross_asset,19.242099883076925,8.04829526888889,-11.193804614188036,-0.32450178714551947,13,18,0.32450178714551947
3,risk_off_stress,qqq_drawdown_12p,qqq_state,-0.21889076633289017,-0.18257643801595455,0.03631432831693562,0.3195510667183561,13,18,0.3195510667183561
3,risk_off_stress,payems_yoy_chg_3p,macro_growth,-0.002405878810716838,-0.0039454261351131855,-0.0015395473243963475,-0.29269972767679225,13,17,0.29269972767679225
3,risk_off_stress,t5yie_chg_3p,macro_rates,-0.39,-0.07444444444444442,0.3155555555555556,0.2738676254030963,13,18,0.2738676254030963
3,risk_off_stress,dgs10_level_z,macro_rates,1.1320426910551424,0.6897652669378213,-0.4422774241173212,-0.27055134380003165,13,17,0.27055134380003165
3,risk_off_stress,ndx_pct_above_sma200_chg_3p,breadth_concentration,-0.11875373857262012,-0.17163310147077054,-0.05287936289815043,-0.26158488399551705,13,18,0.26158488399551705
3,risk_off_stress,vix_chg_3p,cross_asset,3.6876938461538447,6.413332777777778,2.725638931623933,0.26091322602099776,13,18,0.26091322602099776
3,risk_off_stress,nfci_chg_3p,macro_credit,0.24615384615384617,0.1053333333333333,-0.14082051282051286,-0.23991115313365804,13,18,0.23991115313365804
3,risk_off_stress,dgs2_level_z,macro_rates,1.1770007754116902,0.7805905112036551,-0.39641026420803516,-0.23839779433479197,13,17,0.23839779433479197
3,risk_off_stress,ndx_net_advancers_pct_chg_3p,breadth_concentration,0.1005267361714191,0.26557449111961406,0.16504775494819496,0.20793352428034031,13,18,0.20793352428034031
3,risk_off_stress,t10yie_chg_3p,macro_rates,-0.16384615384615386,-0.05166666666666667,0.1121794871794872,0.2062370526900038,13,18,0.2062370526900038
3,risk_off_stress,qqq_drawdown_3p,qqq_state,-0.0958301411098918,-0.08277745335870042,0.01305268775119138,0.2007120197097276,13,18,0.2007120197097276
3,risk_off_stress,move_chg_1p,cross_asset,4.034215619230768,8.486283521666667,4.4520679024359,0.18417715986819966,13,18,0.18417715986819966
3,risk_off_stress,qqq_minus_spy_ret_3p,cross_asset,-0.026515565524793856,-0.016718444958347813,0.009797120566446042,0.18159141420827093,13,18,0.18159141420827093
3,risk_off_stress,qqq_ret_12p,qqq_state,-0.09938176970642788,-0.0657393904056683,0.033642379300759584,0.1761137144726042,13,18,0.1761137144726042
3,risk_off_stress,qqq_ret_3p,qqq_state,-0.09135965966445153,-0.07970412785806898,0.011655531806382555,0.13595781430457834,13,18,0.13595781430457834
3,risk_off_stress,baa10y_chg_3p,macro_credit,0.3023076923076923,0.20888888888888887,-0.0934188034188034,-0.13318172334849557,13,18,0.13318172334849557
3,risk_off_stress,unrate_level_z,macro_growth,0.10888554477005269,-0.1240212148344663,-0.232906759604519,-0.13112330885310874,13,17,0.13112330885310874
3,risk_off_stress,qqq_ret_1p,qqq_state,-0.038963030396564007,-0.04749343368829458,-0.008530403291730576,-0.12436795812082423,13,18,0.12436795812082423
3,risk_off_stress,sahm_realtime_chg_3p,macro_growth,0.16384615384615386,0.1388888888888889,-0.02495726495726497,-0.11441599291397944,13,18,0.11441599291397944
3,risk_off_stress,baa10y_level_z,macro_credit,0.3820896414862106,0.5411946044718892,0.15910496298567856,0.11301148630798775,13,17,0.11301148630798775
3,risk_off_stress,lqd_agg_ratio_ret_3p,cross_asset,-0.02276921717996553,-0.01953776986786167,0.0032314473121038585,0.11211345248660023,13,18,0.11211345248660023
3,risk_off_stress,indpro_yoy_chg_3p,macro_growth,-0.01334961167684797,-0.01185871221202283,0.0014908994648251406,0.08607826579690375,13,17,0.08607826579690375
3,risk_off_stress,nfci_level_z,macro_credit,1.1787093519840401,1.2319042547931807,0.05319490280914052,0.053960446401790776,13,17,0.053960446401790776
3,risk_off_stress,ndx_pct_above_sma50,breadth_concentration,0.35437206673109595,0.3463082703956235,-0.00806379633547244,-0.036442698898891096,13,18,0.036442698898891096
3,risk_off_stress,rsafs_yoy_chg_3p,macro_growth,-0.018307581712282382,-0.017157298608069346,0.001150283104213036,0.03453846787372753,13,17,0.03453846787372753
3,risk_off_stress,spy_ret_3p,cross_asset,-0.06484409413965767,-0.06298568289972116,0.0018584112399365055,0.02500210967456912,13,18,0.02500210967456912
3,risk_off_stress,sahm_realtime_trigger,macro_growth,0.23076923076923078,0.2222222222222222,-0.008547008547008572,-0.020109486070818864,13,18,0.020109486070818864
3,risk_off_stress,ndx_current_top10_market_cap_weight_pct_chg_3p,breadth_concentration,0.0,0.0,0.0,,13,18,
3,risk_on_growth,unrate_chg_6p,macro_growth,4.19,-0.2575757575757575,-4.447575757575758,-1.305000701938624,10,33,1.305000701938624
3,risk_on_growth,vix_chg_3p,cross_asset,-11.861003,-4.350000000000001,7.511002999999999,1.296471913154464,10,33,1.296471913154464
3,risk_on_growth,unrate_level_z,macro_growth,2.1923766567059513,-0.019116789422553796,-2.211493446128505,-1.2497547956591508,10,33,1.2497547956591508
3,risk_on_growth,sahm_realtime_level,macro_growth,4.057,1.0681818181818183,-2.988818181818182,-1.141312087575934,10,33,1.141312087575934
3,risk_on_growth,ndx_pct_above_sma200_chg_3p,breadth_concentration,0.37325657679819146,0.2041351244484435,-0.16912145234974796,-1.0807599305558222,10,33,1.0807599305558222
3,risk_on_growth,baa10y_level_z,macro_credit,0.8564323997252524,-0.06429958627642214,-0.9207319860016746,-1.0242397542530985,10,33,1.0242397542530985
3,risk_on_growth,sahm_realtime_trigger,macro_growth,0.8,0.30303030303030304,-0.496969696969697,-0.9955945814205828,10,33,0.9955945814205828
3,risk_on_growth,qqq_drawdown_12p,qqq_state,-0.08845832682824532,-0.01815456960622516,0.07030375722202016,0.9790799803307161,10,33,0.9790799803307161
3,risk_on_growth,dgs2_level_z,macro_rates,-1.4218848558758155,-0.2802873748605411,1.1415974810152743,0.9652363418290575,10,33,0.9652363418290575
3,risk_on_growth,nfci_chg_3p,macro_credit,-0.47779999999999995,-0.1474242424242424,0.33037575757575754,0.9558274772870549,10,33,0.9558274772870549
3,risk_on_growth,spy_ret_3p,cross_asset,0.1329530244036364,0.08703069926901309,-0.04592232513462331,-0.9364789403917019,10,33,0.9364789403917019
3,risk_on_growth,qqq_ret_3p,qqq_state,0.18651430993796303,0.12124889498269623,-0.0652654149552668,-0.9069623110630232,10,33,0.9069623110630232
3,risk_on_growth,t10yie_chg_3p,macro_rates,0.301,0.0487878787878788,-0.2522121212121212,-0.881170016553097,10,33,0.881170016553097
3,risk_on_growth,sahm_realtime_chg_3p,macro_growth,1.9540000000000002,0.009999999999999981,-1.9440000000000002,-0.8632652195313865,10,33,0.8632652195313865
3,risk_on_growth,t5yie_chg_3p,macro_rates,0.332,0.04151515151515149,-0.2904848484848485,-0.7794907620540673,10,33,0.7794907620540673
3,risk_on_growth,dgs10_chg_3p,macro_rates,0.076,-0.21333333333333335,-0.28933333333333333,-0.7769694361501878,10,33,0.7769694361501878
3,risk_on_growth,baa10y_chg_3p,macro_credit,-0.575,-0.18636363636363634,0.3886363636363636,0.7158165244744242,10,33,0.7158165244744242
3,risk_on_growth,qqq_rv_6p,qqq_state,0.2500806631148321,0.21349110849158692,-0.0365895546232452,-0.7017592492961819,10,33,0.7017592492961819
3,risk_on_growth,qqq_drawdown_3p,qqq_state,-0.009016331774537511,-0.0017006308848074975,0.007315700889730013,0.694269104589412,10,33,0.694269104589412
3,risk_on_growth,dgs10_level_z,macro_rates,-1.3450291609655611,-0.5805044079996913,0.7645247529658699,0.6814475585687638,10,33,0.6814475585687638
3,risk_on_growth,qqq_above_sma10p,qqq_state,0.9,1.0,0.09999999999999998,0.6557438524301997,10,33,0.6557438524301997
3,risk_on_growth,qqq_ret_6p,qqq_state,0.21182325390519013,0.13424698101946836,-0.07757627288572178,-0.568450568751853,10,33,0.568450568751853
3,risk_on_growth,move_chg_1p,cross_asset,3.7897093710000007,-3.8603780778787877,-7.650087448878788,-0.5551504848408217,10,33,0.5551504848408217
3,risk_on_growth,yield_curve_10y2y_chg_3p,macro_rates,0.15499999999999997,0.02787878787878787,-0.1271212121212121,-0.5537213542223177,10,33,0.5537213542223177
3,risk_on_growth,payems_yoy_chg_3p,macro_growth,-0.02267108496907867,-0.003583407310628615,0.019087677658450056,0.544531909277225,10,33,0.544531909277225
3,risk_on_growth,ndx_pct_above_sma200,breadth_concentration,0.7469860358254468,0.7975061418700616,0.050520106044614876,0.5266129213777032,10,33,0.5266129213777032
3,risk_on_growth,ndx_current_top10_market_cap_weight_pct,breadth_concentration,68.16641835266185,68.16641835266186,1.4210854715202004e-14,0.4941518456017623,10,33,0.4941518456017623
3,risk_on_growth,agg_ret_3p,cross_asset,0.018077105356237456,0.026782339137596752,0.008705233781359296,0.45959010015456164,10,33,0.45959010015456164
3,risk_on_growth,dgs2_chg_3p,macro_rates,-0.07899999999999999,-0.24121212121212118,-0.1622121212121212,-0.4433039852441895,10,33,0.4433039852441895
3,risk_on_growth,qqq_rv_3p,qqq_state,0.21489377860270525,0.17503038509622162,-0.03986339350648363,-0.4175515828952864,10,33,0.4175515828952864
3,risk_on_growth,qqq_minus_spy_ret_3p,cross_asset,0.05356128553432662,0.03421819571368311,-0.019343089820643505,-0.4140994511025495,10,33,0.4140994511025495
3,risk_on_growth,move_chg_3p,cross_asset,-15.425661280999998,-7.226402120606061,8.199259160393936,0.3940033288227352,10,33,0.3940033288227352
3,risk_on_growth,policy_rate_chg_3p,macro_rates,-0.15099999999999997,-2.6914497566670462e-17,0.15099999999999994,0.389983267351153,10,33,0.389983267351153
3,risk_on_growth,qqq_ret_12p,qqq_state,0.10451779070436051,0.19190778067110406,0.08738998996674355,0.3877166177973327,10,33,0.3877166177973327
3,risk_on_growth,indpro_yoy_chg_3p,macro_growth,-0.01948273000582651,-0.0016758047781667664,0.017806925227659743,0.38162901335684624,10,33,0.38162901335684624
3,risk_on_growth,pce_yoy_chg_3p,macro_growth,-0.004753022962518161,-0.002359562505340973,0.0023934604571771876,0.3805485293569595,10,33,0.3805485293569595
3,risk_on_growth,ndx_net_advancers_pct_chg_3p,breadth_concentration,0.06233352414804032,0.3047145721188364,0.24238104797079607,0.3410382354519431,10,33,0.3410382354519431
3,risk_on_growth,qqq_ret_1p,qqq_state,0.042106330369627964,0.05536274818639682,0.013256417816768853,0.3320800512370256,10,33,0.3320800512370256
3,risk_on_growth,nfci_level_z,macro_credit,0.25823652303110695,-0.040929020509960945,-0.2991655435410679,-0.32364686402600346,10,33,0.32364686402600346
3,risk_on_growth,breakeven_curve_10y5y_level_z,macro_rates,0.3131671396164527,0.008734076273897917,-0.30443306334255477,-0.29427173456590566,10,33,0.29427173456590566
3,risk_on_growth,vix_chg_1p,cross_asset,-2.498003,-1.4045448484848486,1.0934581515151516,0.2584347360036172,10,33,0.2584347360036172
3,risk_on_growth,ndx_new_252d_high_low_spread_pct,breadth_concentration,0.07109449798965926,0.08896086456957313,0.01786636657991386,0.249083378413991,10,33,0.249083378413991
3,risk_on_growth,core_cpi_yoy_chg_3p,macro_growth,-0.0017395178019535607,-0.000931900551183088,0.0008076172507704727,0.20052683450106132,10,33,0.20052683450106132
3,risk_on_growth,qqew_vs_qqq_nav,breadth_concentration,0.7476542373754459,0.7186913981984623,-0.028962839176983612,-0.19744734743887157,10,33,0.19744734743887157
3,risk_on_growth,lqd_agg_ratio_ret_3p,cross_asset,0.025587997064539857,0.02156295418590649,-0.004025042878633367,-0.18827285202390964,10,33,0.18827285202390964
3,risk_on_growth,qqq_dist_sma10p,qqq_state,0.12033247298305663,0.10968603576777644,-0.010646437215280191,-0.14964860079118425,10,33,0.14964860079118425
3,risk_on_growth,lqd_ret_3p,cross_asset,0.044321677812609574,0.04901256669530521,0.004690888882695636,0.14265092848037877,10,33,0.14265092848037877
3,risk_on_growth,real_yield_10y_chg_3p,macro_rates,-0.225,-0.2621212121212122,-0.037121212121212194,-0.14172018114366858,10,33,0.14172018114366858
3,risk_on_growth,ndx_net_advancers_pct,breadth_concentration,0.1649587153619412,0.12190171218669116,-0.04305700317525005,-0.0980154667385549,10,33,0.0980154667385549
3,risk_on_growth,ndx_pct_above_sma50,breadth_concentration,0.7766899795932055,0.7650643592623891,-0.011625620330816377,-0.09583870050210669,10,33,0.09583870050210669
3,risk_on_growth,ndx_new_252d_high_low_spread_pct_chg_3p,breadth_concentration,0.06668608536946544,0.07140752824297829,0.004721442873512852,0.059144928368664064,10,33,0.059144928368664064
3,risk_on_growth,dxy_ret_3p,cross_asset,-0.02811287285367402,-0.026514290414786392,0.0015985824388876288,0.051414742842287704,10,33,0.051414742842287704
3,risk_on_growth,rsafs_yoy_chg_3p,macro_growth,-0.0007810179169399523,-0.0009173153766710439,-0.0001362974597310916,-0.0023923918015529917,10,33,0.0023923918015529917
3,risk_on_growth,ndx_current_top10_market_cap_weight_pct_chg_3p,breadth_concentration,0.0,0.0,0.0,,10,33,
